impression_id,id_md5,campaign_id,ad_position,campaign_type,has_impression
IMP_000000,a777c27bc849efb66b74480ef4c7eb57,C_62,top,CPM,1
IMP_000001,2e4f4ddf4ea0c4a5ca677a48e837e691,C_155,interstitial,CPI,1
IMP_000002,32e42b23ec13915386166bd789e1c579,C_100,interstitial,CPI,1
IMP_000003,c09990e64b9e58f6c11742251fa4d796,C_96,top,CPC,1
IMP_000004,ae138ae9a5d0babb92319ae90297b8d1,C_56,bottom,CPI,1
IMP_000005,6ba0c6dce6eeee6cb2d8da4daae4fbcb,C_153,interstitial,CPI,1
IMP_000006,6554a228a3d0db41fd4bd9cb0c6ee47b,C_10,interstitial,CPM,1
IMP_000007,48f4803e19486bbd06342f87f53b59da,C_80,top,CPC,1
IMP_000008,2a8b18f3cdae64c6464772d1331fd89e,C_131,interstitial,CPC,1
IMP_000009,6905c8c25f728095ecc6e56dc066c1da,C_94,top,CPI,1
IMP_000010,421b83cf0e309c567e6eefed5ca10ac0,C_172,interstitial,CPI,1
IMP_000011,8ca649e78122a516b77d2a4f8cdf52a6,C_167,bottom,CPI,1
IMP_000012,0f2845fcb25a768816ab206523af5a84,C_168,interstitial,CPI,1
IMP_000013,6ed9783cb44885cae68d07f81add69cc,C_143,top,CPC,1
IMP_000014,0049923a1e21d5c7ab6f3c426b8755a8,C_76,top,CPC,1
IMP_000015,447cb3f3c391772eb921dfc5471ca99b,C_31,top,CPI,1
IMP_000016,54b17de3f5a0e0f9128b916d53e3ec7a,C_20,bottom,CPC,1
IMP_000017,696483efda48e58594a19d8a1bb98e63,C_68,top,CPI,1
IMP_000018,ce27d18ba8ae30f91a258c99ec0bb0bd,C_46,bottom,CPM,1
IMP_000019,66a19db4b283200f0e72d6014f21a92c,C_144,bottom,CPM,1
IMP_000020,809273ee0a214b74acab962742f9bb43,C_84,bottom,CPC,1
IMP_000021,5bcbc71ea9a8cca47f8a98564d109c7d,C_83,interstitial,CPM,1
IMP_000022,31a05f38377ac46ec4d5b5aeb6fab72b,C_193,top,CPM,1
IMP_000023,5560a636e8f7e7bdde6b736db44c7925,C_132,bottom,CPI,1
IMP_000024,002977c62a73ca583fcc9cd4ade2350c,C_90,bottom,CPI,1
IMP_000025,5b393484b81b36c299dcd178b8207cd8,C_43,interstitial,CPC,1
IMP_000026,d9b9baa60b7f9553fe8bf4683ea92ed6,C_110,interstitial,CPM,1
IMP_000027,115ad2f86f67639fbe1e085078c29a7e,C_71,bottom,CPI,1
IMP_000028,0fc1e571f32fa81fdf8adf4d79a95e0e,C_15,top,CPM,1
IMP_000029,c8e2df833fb66b175ca70c6560ee39cf,C_22,interstitial,CPI,1
IMP_000030,5354cfbfb707ae10b0d04af7b566e890,C_102,interstitial,CPM,1
IMP_000031,a1ed5280032edde7664bce1b84369288,C_99,bottom,CPM,1
IMP_000032,72f386440dff662e26667c4bd212bbaa,C_7,top,CPC,1
IMP_000033,0440e3a1831d57766c16f4e20aba2129,C_137,bottom,CPC,1
IMP_000034,58b89cc7fef67a7504d0aeefd4f9e6a1,C_109,interstitial,CPC,1
IMP_000035,42185e62caade61b169da094b290729a,C_50,top,CPI,1
IMP_000036,6a77cf7583bec2dac36a043c42c88436,C_1,bottom,CPC,1
IMP_000037,954b944b888caee9e89e123ddd83e1a9,C_60,top,CPI,1
IMP_000038,6e2fb1801bcc0903c35caef8ab15fc20,C_90,bottom,CPI,1
IMP_000039,c934c7a15580a929a30ccbb3604933e9,C_178,interstitial,CPC,1
IMP_000040,7f1eecfef6329730e5e21098a354182e,C_105,interstitial,CPC,1
IMP_000041,7bf46d25f9375302cbc238dd9fd9d82f,C_84,bottom,CPC,1
IMP_000042,a3a5c269be131caf850c66dcf8a44431,C_144,top,CPM,1
IMP_000043,71dc3f1bd37257c896284a5527bc341d,C_96,top,CPC,1
IMP_000044,a82642a8db03fcef65f4a2c71770f1d1,C_170,bottom,CPI,1
IMP_000045,51b688b47b29bd96694983b1ad6ce9f1,C_133,top,CPI,1
IMP_000046,82ba0f695a574fb93fae4fa2dc233ebe,C_1,interstitial,CPC,1
IMP_000047,b99a3d2e94c99fe2f6bf886a397bc65c,C_51,bottom,CPM,1
IMP_000048,2efea698a3efdcdae418b1f66d4b9e16,C_180,top,CPM,1
IMP_000049,a37eb067ace5dcb1162b3db7239ebf62,C_75,bottom,CPM,1
IMP_000050,a1540954295000ed110daf8d271c564e,C_58,interstitial,CPI,1
IMP_000051,8a3788d0b6b7516e2b6ea5a1e3868389,C_199,top,CPI,1
IMP_000052,975237c6133eeb7cba0d7837a472a446,C_156,interstitial,CPC,1
IMP_000053,d1fbfcafcfa08c9a132d1b5706d49e47,C_150,interstitial,CPM,1
IMP_000054,4256dc9e7b09ee00ddd54eed73f4f182,C_124,interstitial,CPC,1
IMP_000055,7ea6cb8c0c9f3667f2d1ac2a64a7e0ed,C_190,top,CPM,1
IMP_000056,6e4b43deab9348f817a203b094d0f196,C_162,bottom,CPI,1
IMP_000057,cabc6dfa0f38890b363dbd541f90af3c,C_50,interstitial,CPI,1
IMP_000058,2192572a8eaab365fbf42207b725601b,C_72,bottom,CPM,1
IMP_000059,ed55d33031da854085b65a1b9c57cb51,C_143,bottom,CPC,1
IMP_000060,514924a12e8d06a875121928f15031ba,C_117,interstitial,CPI,1
IMP_000061,f94cff914b9989dc8159869f7a611266,C_138,bottom,CPM,1
IMP_000062,3545b0c9430fce123210698ee00dc67f,C_156,interstitial,CPC,1
IMP_000063,560e6e14b3fdcbba8303e1b9537c4272,C_174,interstitial,CPM,1
IMP_000064,09b9b70e65c79d8361e8a33b052819b3,C_72,interstitial,CPM,1
IMP_000065,6b8ad9f855522df40e7c6a34d25fd196,C_60,interstitial,CPI,1
IMP_000066,60151f390872ebe5bec701f94299bbdb,C_100,top,CPI,1
IMP_000067,6885cb8621f90cb810ea93b5a02f9fbe,C_130,top,CPM,1
IMP_000068,4a00a7428ce6ce779ecd4253d114f06c,C_63,top,CPI,1
IMP_000069,ab98aead5e330ea61fb9a1b0bdaa3687,C_187,top,CPI,1
IMP_000070,17ba37a5c31d0190c307a745239d74e6,C_166,interstitial,CPM,1
IMP_000071,20f80ac62707f44097936b0abbdf60ab,C_141,interstitial,CPC,1
IMP_000072,b40f2b9ed2c047740d262d2d86ab8561,C_9,interstitial,CPI,1
IMP_000073,d587d2a45e58a3e5c5478baa6e3b33a3,C_47,bottom,CPI,1
IMP_000074,f6b5db2242c936c16b725b578da0b51f,C_99,bottom,CPM,1
IMP_000075,a6e574a91c17ad2f030d339c4926a4ca,C_81,bottom,CPM,1
IMP_000076,ba26254f7679b9b6d457b10d03ffb344,C_15,bottom,CPM,1
IMP_000077,30a2ea1153dda6b27c8533d5de2b07f2,C_155,top,CPI,1
IMP_000078,aa6ef3a412044e85a0792aa543ee511a,C_999,top,,1
IMP_000079,2c829da7b54f905e06b04c90eaec6ffe,C_115,interstitial,CPM,1
IMP_000080,af342402d45110887dd1f1a4d2ad29db,C_31,interstitial,CPI,1
IMP_000081,38c1baca50917729836f30b3d1550ff2,C_8,bottom,CPI,1
IMP_000082,aa2e184772a07710a8555024e65e44bd,C_171,interstitial,CPC,1
IMP_000083,f9f4b059aea3fa46f09e7feb2547d67e,C_127,interstitial,CPM,1
IMP_000084,179b37320bd2ac96fc38b5a8229aa7e7,C_90,interstitial,CPI,1
IMP_000085,ce09d6f88dee3b08f8488a94fb594466,C_143,bottom,CPC,1
IMP_000086,dc27eb9c5dab2e28b7cf1f3f0c73ab93,C_106,bottom,CPM,1
IMP_000087,c334b5f0d60565d59ae47737e75c2ed9,C_183,top,CPM,1
IMP_000088,969df95e918f3b84647d0d0f6bc1bc4f,C_77,top,CPM,1
IMP_000089,df9a8bddf7e575f1e0e9cc220a0ca5de,C_16,top,CPC,1
IMP_000090,33032ea0dc4fff83619c52db67335e59,C_22,top,CPI,1
IMP_000091,672562e4bd40a3e16b2778846b3f0371,C_120,bottom,CPC,1
IMP_000092,029a34e69f297b22269c4c5511a3e1aa,C_6,bottom,CPM,1
IMP_000093,56ab4b1df4ffc334cd386844a4ed7167,C_138,interstitial,CPM,1
IMP_000094,1ff0c6f56f69cd2075f6684ce5e3cd01,C_51,top,CPM,1
IMP_000095,5313b34eac40ee23b90b768958548695,C_53,top,CPI,1
IMP_000096,a3a527b5fd56f37ef1abcc5d601c5511,C_47,interstitial,CPI,1
IMP_000097,f65b984ad0905247f3ee9ba84d9796d4,C_103,top,CPI,1
IMP_000098,02c311f021f2ce81c6d3a8efdcecb786,C_118,bottom,CPI,1
IMP_000099,a46301d1028ea43244c351e67fbeb66d,C_182,bottom,CPC,1
IMP_000100,be7b913ae80080905d92c7dcab3b03df,C_19,bottom,CPC,1
IMP_000101,312974461b8aa2cd5ec88139b40517be,C_195,interstitial,CPI,1
IMP_000102,7068c61b3f9e2bc9877967944fcec223,C_76,top,CPC,1
IMP_000103,6ef4940c77ff1da2f960c5e78be5c738,C_145,interstitial,CPI,1
IMP_000104,1158cb16623e9f576ea2c6cbbfbed743,C_187,interstitial,CPI,1
IMP_000105,27d6ec8323af40c07892d9eea38958f2,C_123,bottom,CPC,1
IMP_000106,d25919a2dac7b01b779e8b5f13c1f31d,C_191,bottom,CPM,1
IMP_000107,8f010958cc6d2c14501c5dbf24c39d03,C_100,bottom,CPI,1
IMP_000108,302ad4b18a22a8bf1e9ac7fd7292bcea,C_87,interstitial,CPM,1
IMP_000109,760dd43519a3cfb2e39bb688b5b1d68f,C_99,bottom,CPM,1
IMP_000110,6673bb3e76025b69a1f02e2df78d68b8,C_196,top,CPC,1
IMP_000111,5113fe5c8168b342005d27b879d4f9fd,C_144,bottom,CPM,1
IMP_000112,0bd484fb3a98e790ff2cf1a79c55568f,C_132,bottom,CPI,1
IMP_000113,2d92dd2c8c1be453db22d4c318e55684,C_28,bottom,CPM,1
IMP_000114,521ec06a161f008495c5dd8101102501,C_9,top,CPI,1
IMP_000115,6d12398a9a66f98e28f5bf5c254c6d82,C_106,bottom,CPM,1
IMP_000116,7ec662fa2f447c9cd2f06b881de1b5b5,C_141,interstitial,CPC,1
IMP_000117,02fa0c1c6df0c7fc410d87474c836aea,C_128,top,CPC,1
IMP_000118,448d1ad8c37e5b36ef53d07e81018960,C_93,top,CPI,1
IMP_000119,715820f29bb21c9a2d35d5d24f4f51c3,C_19,interstitial,CPC,1
IMP_000120,91e46244f5ec1bd9031e19b9d5163216,C_37,bottom,CPM,1
IMP_000121,00d871c408624be609b003426ae1456e,C_35,top,CPC,1
IMP_000122,11c35648f30f28b96661e5d93433a690,C_5,interstitial,CPC,1
IMP_000123,734e25b1fcbb1b8875041d8e69c7cdba,C_113,top,CPM,1
IMP_000124,be853677eeb20880b70df5174c8e4578,C_78,interstitial,CPM,1
IMP_000125,5d0d88993f629fd28769e1c1755a8214,C_40,interstitial,CPI,1
IMP_000126,12f44247103f399169f32e706ea0ab3f,C_148,top,CPC,1
IMP_000127,368e0f0a6c3e3b729e2c401e120f6577,C_50,interstitial,CPI,1
IMP_000128,8e6a373fcecb9390400f824a0703ca2c,C_119,bottom,CPC,1
IMP_000129,8cec4108cd32be8a740ea48ea920b592,C_124,top,CPC,1
IMP_000130,494a689bee41c280511b7246b465ccfb,C_142,top,CPC,1
IMP_000131,bbcc472ef576c5ec5f73e4a19f9c04bb,C_16,top,CPC,1
IMP_000132,6c21ea2ab1501f1d37a844f47e6233f1,C_157,top,CPI,1
IMP_000133,e7e2c86368c8e8641c54853802306be0,C_171,top,CPC,1
IMP_000134,6d462f956943dccae104a54972649263,C_187,top,CPI,1
IMP_000135,097b8827f1fe8eb2853b234b4d5ba29f,C_143,top,CPC,1
IMP_000136,a69f280011b22ce92d9b445b5c1971e5,C_114,interstitial,CPC,1
IMP_000137,21212a3c95b50b4ff504ae54e1522d08,C_162,bottom,CPI,1
IMP_000138,76a936fa64e5dc80a38dd8f8d0ec04db,C_40,top,CPI,1
IMP_000139,17d1f5c25d8613045870c316e844e7a8,C_126,bottom,CPI,1
IMP_000140,69df5ca27ca46c1aa80b33b066ab7c56,C_58,bottom,CPI,1
IMP_000141,7158c3139b5f79f473f0e414f2b32061,C_76,interstitial,CPC,1
IMP_000142,b83db92427e333a168fafc1d73cc55bc,C_80,top,CPC,1
IMP_000143,d54995b32708eece8a8081c542c6506d,C_109,interstitial,CPC,1
IMP_000144,8631856f003810ab6588f484d433b4b0,C_97,bottom,CPC,1
IMP_000145,91c78f4c6fb4fc2b88c5a83dbfbab6ce,C_102,bottom,CPM,1
IMP_000146,fa48fe4bc3f4d2e97a6af00419305c0d,C_127,bottom,CPM,1
IMP_000147,7d0c7cd8dfbe5ab1aba5dc393952f9de,C_31,bottom,CPI,1
IMP_000148,4d543a1372a0e16f96fd93cc45f44499,C_194,interstitial,CPM,1
IMP_000149,9df46e852fb905eced752194aa0c5f86,C_29,top,CPC,1
IMP_000150,a3a2049688565a8e46b4965f2cc6d8fc,C_57,interstitial,CPI,1
IMP_000151,6ada21e84c1cad80f10a386b98578dc0,C_168,top,CPI,1
IMP_000152,044908a5a05c8f4d16a9cd885caee35a,C_11,interstitial,CPM,1
IMP_000153,1804d856555838dc83a7db36fd334cf0,C_191,top,CPM,1
IMP_000154,424bdd150f59ad091f217f81414675d2,C_6,bottom,CPM,1
IMP_000155,d85c6a97db4b94b0ce7b4b4bb02c9a39,C_184,top,CPM,1
IMP_000156,af5fad2331dbaca8c98c9e3901cbfaa4,C_84,top,CPC,1
IMP_000157,c2cbc4d5a18778a49b461eb5e463f405,C_146,bottom,CPI,1
IMP_000158,2a82c27cf21bbaabe9252baed39d65f4,C_10,interstitial,CPM,1
IMP_000159,8d54850de89ff1aa41249b1192d71a82,C_174,top,CPM,1
IMP_000160,69b4f99d6cd4c959eccdc49a1d89407c,C_143,bottom,CPC,1
IMP_000161,66e63733b354b9d43899c36df6ac1c0d,C_58,interstitial,CPI,1
IMP_000162,3f4b801d50a7e3c765ad3a7f70a28935,C_7,top,CPC,1
IMP_000163,f83dc91e63e1637828e58852d5beec0e,C_76,top,CPC,1
IMP_000164,01b615a8d44439ac630395e428be1d21,C_92,bottom,CPI,1
IMP_000165,0b275dd7327b5a591bbcdd416701604b,C_10,top,CPM,1
IMP_000166,21501075c10657ccb7a39a76af2c2c57,C_8,top,CPI,1
IMP_000167,eb73fa80fbba38e93ce5dd1060e261f2,C_30,interstitial,CPC,1
IMP_000168,f4fa36068bd20eb8998dcea3e9dd5877,C_138,bottom,CPM,1
IMP_000169,b6613cb8eb567ac01098317c124070a8,C_65,bottom,CPM,1
IMP_000170,cbed19c351b0950e32826a3dadfec869,C_169,top,CPI,1
IMP_000171,497cacabddbc11a215190f228084af68,C_43,interstitial,CPC,1
IMP_000172,0c04c03448e7ca8c41ec95ea54a6c304,C_177,bottom,CPM,1
IMP_000173,24dc10c3e0efc7de7d0afd417093fc95,C_22,interstitial,CPI,1
IMP_000174,f41ca18fbd1117edd5abac4a2a4958d4,C_40,interstitial,CPI,1
IMP_000175,0ad3c959f19a044fc99f3e7f4c01a160,C_33,top,CPI,1
IMP_000176,8faf932d3f7a67ddba278c17575bd318,C_162,bottom,CPI,1
IMP_000177,9e2eac245fab3423c33f1b017b277d74,C_35,bottom,CPC,1
IMP_000178,08ae6783f38348b1a859802072ec3546,C_3,top,CPC,1
IMP_000179,e06fc2dc547a8cb84a79acf23321bb4c,C_198,top,CPI,1
IMP_000180,8b45938926a7640d983f30be0ff42657,C_159,interstitial,CPM,1
IMP_000181,e2ff4dce55facb73f636e8ee6ae77a96,C_67,bottom,CPC,1
IMP_000182,5989c3592fab0b2982ae9efb6bb1ec0e,C_142,top,CPC,1
IMP_000183,76ec40648623e763a74500840208917d,C_152,bottom,CPI,1
IMP_000184,5ba17eaa7490a9d63f34166ac1d4fd66,C_95,interstitial,CPC,1
IMP_000185,0819fb4c7977347096ac715083b75a40,C_81,interstitial,CPM,1
IMP_000186,c8435b82611ef001a945d5f717fd9501,C_181,bottom,CPC,1
IMP_000187,0ff6b620372b4ca9ee63f83d32a407fd,C_172,interstitial,CPI,1
IMP_000188,83de63404f9fc96bd22d6967abf717f0,C_148,bottom,CPC,1
IMP_000189,2af8ebb654c1b5697ce483c4701b53b7,C_66,interstitial,CPI,1
IMP_000190,cc453591f46590998ae65bf003dd3844,C_75,top,CPM,1
IMP_000191,10cec1e727f13b6ab341a85c7a535498,C_39,top,CPM,1
IMP_000192,28a9361a6cb04a62c42c8ffc12df6b82,C_122,top,CPI,1
IMP_000193,a2296226a5c53b0cbe40477e13abe73f,C_111,top,CPC,1
IMP_000194,d0694b88dfeea7abb92f9ee5d2c4e23c,C_164,bottom,CPC,1
IMP_000195,bcb5fd165ac6ff65b84db70bbd997d5e,C_103,top,CPI,1
IMP_000196,0402f9ff2d56c63d4ccda46b933acd20,C_184,top,CPM,1
IMP_000197,4e94fda004b2e4b6e44a88a8dbceeb03,C_51,interstitial,CPM,1
IMP_000198,f15db74b3238c0b8700646f87d209bad,C_67,top,CPC,1
IMP_000199,84913de9c7292f7411104801c5d1d1c9,C_114,interstitial,CPC,1
IMP_000200,e69a5353313e194467e89fa441f5be76,C_185,bottom,CPI,1
IMP_000201,886879cce468c2264404b3ce8f2702e4,C_97,top,CPC,1
IMP_000202,4b7aaa8d1b26a992f533ca5ead444b78,C_184,bottom,CPM,1
IMP_000203,ed468364b7559ab0037b37ebd673acdc,C_145,top,CPI,1
IMP_000204,3e30501e4da04733d4a51524213fcc64,C_9,top,CPI,1
IMP_000205,8d3b4029bc2862b7df1fdd44bbaaa0f1,C_124,bottom,CPC,1
IMP_000206,385f7e38f930479f072291390bd99492,C_121,bottom,CPC,1
IMP_000207,ef2ef8356f42bade8458f576af472fad,C_188,interstitial,CPC,1
IMP_000208,630a8656ec364ab03c3f6b1de25ec57a,C_9,top,CPI,1
IMP_000209,d8d1952249ef514fe1bd235cdcfc0434,C_119,top,CPC,1
IMP_000210,aebcf35eb62d6e3ed5e1f61001629f25,C_139,bottom,CPM,1
IMP_000211,bddafaa2614527e871e69ee6ea20fcf0,C_102,interstitial,CPM,1
IMP_000212,fe2c4be8bb0b2dc9e0453c0f9d41c708,C_81,interstitial,CPM,1
IMP_000213,57ca87650fbb21b40ee13dcdf33722d7,C_158,bottom,CPC,1
IMP_000214,55ad6e6da3f12f67b38e07712cab5250,C_114,top,CPC,1
IMP_000215,56618b82b6ef51a131c2ecd90c219b02,C_67,top,CPC,1
IMP_000216,f1bc2a54ea056a252b32932ad80d5082,C_116,bottom,CPM,1
IMP_000217,455d3c87580efa2149916e0250f734f1,C_133,bottom,CPI,1
IMP_000218,9b7df7a72007ab1b673673788a0520ea,C_167,interstitial,CPI,1
IMP_000219,64763d60d266cedad46f48ec752a5664,C_43,interstitial,CPC,1
IMP_000220,63f6f45d65b6982146a31d4f234ac6b0,C_95,interstitial,CPC,1
IMP_000221,da732b43ba691e279a681e9ab209b3f6,C_116,top,CPM,1
IMP_000222,8d9c9c4be2de7d2aa0f32c63b6e341ba,C_125,top,CPI,1
IMP_000223,9df79370df44f8d81d52f182246a0c3a,C_190,interstitial,CPM,1
IMP_000224,545ce3148925c1a3083ebb5d7f58e5b3,C_144,interstitial,CPM,1
IMP_000225,ef6c3126f90906756146891226ea326d,C_161,bottom,CPM,1
IMP_000226,9e29125d65cbaefa8499702556436513,C_142,top,CPC,1
IMP_000227,c5fcaf3aaff640b6cd13c2c630e03c23,C_122,interstitial,CPI,1
IMP_000228,3b39a84b4ec8318728c41deb5b107b8f,C_154,top,CPC,1
IMP_000229,717b3c8a91901c021ce6a232c77fa4b3,C_162,top,CPI,1
IMP_000230,9d556402311a986a72575b5ccb472b59,C_48,top,CPC,1
IMP_000231,b032eb40a33ae3a6ac4c67ec35e35a43,C_18,interstitial,CPI,1
IMP_000232,ccfb65a9cc35b344633aec4831ba68a8,C_162,bottom,CPI,1
IMP_000233,485ca0c61b739131556cff7394d0fb5b,C_33,top,CPI,1
IMP_000234,90abe2b9cb16a0f2efe1366a2e265196,C_123,top,CPC,1
IMP_000235,a71a5b307c09d34e7d2335e82665866c,C_76,bottom,CPC,1
IMP_000236,78e85f3b50fbab70874edbefbe36dacd,C_43,top,CPC,1
IMP_000237,b6242e0644fc1081db08f7477573010a,C_18,bottom,CPI,1
IMP_000238,cc42b5df74f4809bd484624310549492,C_117,interstitial,CPI,1
IMP_000239,e70c8ff69c48e7f07faaaf3f9abc3d21,C_58,bottom,CPI,1
IMP_000240,63775015f18221de9b3023b14d6866b8,C_31,bottom,CPI,1
IMP_000241,db99334f9af296af1bfbd7e61a779f61,C_11,bottom,CPM,1
IMP_000242,75fac31a8c4be976cdcd7c1d0913f0c7,C_53,interstitial,CPI,1
IMP_000243,59c0d2d4fe79e0c2a9d109e8f95eacde,C_61,interstitial,CPC,1
IMP_000244,ee146fa154be0eb6e5c501ae7e74b07c,C_22,interstitial,CPI,1
IMP_000245,dbc927deab5eb81dd6103acea242ae08,C_145,top,CPI,1
IMP_000246,84e5080ec042bcf161edb018d957a44f,C_100,interstitial,CPI,1
IMP_000247,32cb2019d0d2e949d0dc35de87d554b5,C_98,interstitial,CPI,1
IMP_000248,c6e6afd574c6d53347dec76fa93f8110,C_168,bottom,CPI,1
IMP_000249,a91d36bf40196c55485f8c3b17c4023d,C_92,top,CPI,1
IMP_000250,f0c37fafb8161410b57b0820ca768e19,C_151,top,CPM,1
IMP_000251,67e61c7487627ae5626f297e5efcb4fe,C_91,interstitial,CPI,1
IMP_000252,17e4a609f1db00edbccde1c18ed953eb,C_153,bottom,CPI,1
IMP_000253,8305797a070fe61e139fa81e12c4d25a,C_179,bottom,CPI,1
IMP_000254,e555c562239b8306646cdaa8f06aae19,C_78,interstitial,CPM,1
IMP_000255,98f1849036102daf9e878c0ca242cfcf,C_181,interstitial,CPC,1
IMP_000256,c8351e5b2cea1322111eaf1df064c7c6,C_74,top,CPM,1
IMP_000257,386d3505835bc882dca2cd90078cade2,C_25,bottom,CPC,1
IMP_000258,351f7ab0a2d02d5cbf22497fb18658d0,C_198,top,CPI,1
IMP_000259,94f730d111985e2f5e04dc015dcce239,C_48,bottom,CPC,1
IMP_000260,21ca551d4431a2bdd6b7eab8015aa53c,C_19,top,CPC,1
IMP_000261,bdaf4b51483f983905f5d4566c049d7e,C_50,top,CPI,1
IMP_000262,810c187549f85908db5e9f698dc93a74,C_183,top,CPM,1
IMP_000263,a52879ce8817ed8a8f5c04dcbdfa980f,C_88,top,CPM,1
IMP_000264,4829feaba2501690a66833accec62ec1,C_22,bottom,CPI,1
IMP_000265,1f74649186299be981d59a7e6ce447a4,C_94,top,CPI,1
IMP_000266,13884d6c0b9be02fdd909caa01688d99,C_151,interstitial,CPM,1
IMP_000267,0eb51c025c6ad9b45bba386240f693f1,C_21,interstitial,CPM,1
IMP_000268,90b445f41c7dcaa017f7c988907a7e1d,C_68,bottom,CPI,1
IMP_000269,b17d5777815dc400c4d1849045d6af2b,C_59,interstitial,CPI,1
IMP_000270,86dfd51152cbe6bd9a8db4d11394f9d4,C_28,top,CPM,1
IMP_000271,53ac885623157ea9afcb0d27b1389962,C_130,bottom,CPM,1
IMP_000272,6e23f77a15399975b347c522032b0d23,C_173,bottom,CPM,1
IMP_000273,a3332a3b8da7cd50442aa91247a46d49,C_15,top,CPM,1
IMP_000274,1ecfd7d76c19a2bd315541864ed092ce,C_70,bottom,CPC,1
IMP_000275,3a8a670df0bed68a147fbb917cdb7396,C_111,bottom,CPC,1
IMP_000276,da9952689925f7a3ab43a83428fd64d1,C_16,interstitial,CPC,1
IMP_000277,9658814017ac42fa7f10b64e5d430abb,C_88,interstitial,CPM,1
IMP_000278,f4c11e7fc24675c5bf07e3e95fb49f93,C_155,interstitial,CPI,1
IMP_000279,3f371e2939372ad8e160280dfd87961a,C_80,bottom,CPC,1
IMP_000280,cdb63f405b2a6e48c5fb7e5064ef7d3a,C_129,bottom,CPC,1
IMP_000281,8107301fe4f5228b9e07010b53d3e5e2,C_153,bottom,CPI,1
IMP_000282,c7eaf3f9e8bce272fddd94e8129b5b70,C_119,bottom,CPC,1
IMP_000283,4333e3300cf05b468577d1ff7e8d5399,C_164,top,CPC,1
IMP_000284,57d43e1650a417cf99967ee228723ba7,C_114,bottom,CPC,1
IMP_000285,5e2af8baf3b86ccaaa5fd2e04767ccfc,C_36,interstitial,CPC,1
IMP_000286,f45fe12bdd878c0d035be02c5a5a3537,C_3,top,CPC,1
IMP_000287,8880ae96287f91684f5ac9f9b373fb9e,C_123,bottom,CPC,1
IMP_000288,08016d70d06e33a5886430b62fcb9ee2,C_62,bottom,CPM,1
IMP_000289,eab5f009949042b59c2c5707ad1ff092,C_81,interstitial,CPM,1
IMP_000290,311d5d4d107c516ed196dba316e916aa,C_189,top,CPI,1
IMP_000291,cc80f4667f9bbfe0b2cfcab6935f3223,C_150,interstitial,CPM,1
IMP_000292,752691d217d3dff1ac70417f274da58e,C_132,interstitial,CPI,1
IMP_000293,7793261f9a7ee04bf9f3ec250cffd285,C_69,interstitial,CPM,1
IMP_000294,464d09fde79dd71975663ab249594b60,C_45,bottom,CPI,1
IMP_000295,61fc71efb1b428bf42352fdec0a43a35,C_53,interstitial,CPI,1
IMP_000296,20cbcc538f199be419ebfa1936a7a5bd,C_145,bottom,CPI,1
IMP_000297,f3d06bdd84d733c2a3923c6a36a9a8fe,C_13,top,CPI,1
IMP_000298,4f475cd144cbd04e1519b4fc68d33893,C_102,top,CPM,1
IMP_000299,95dee824131c9ecf09d9c283460f2eb6,C_68,top,CPI,1
IMP_000300,a09fed2dc078b366a61217aca85af3ee,C_11,top,CPM,1
IMP_000301,034ebfcd214c91811225ece509f8dccb,C_33,interstitial,CPI,1
IMP_000302,33673351ef1c7ea194431e2aa6f66d3d,C_140,bottom,CPM,1
IMP_000303,ff535c0199aed42ff72f0cb26a0a2947,C_49,interstitial,CPM,1
IMP_000304,00e659df1ed3e01569c27cfc27f35613,C_132,bottom,CPI,1
IMP_000305,81e5d02cbf175e60904127f95c5c5b57,C_56,interstitial,CPI,1
IMP_000306,4a16fca49e24af0cd68a07b8b15ab6df,C_114,interstitial,CPC,1
IMP_000307,957856cf531580781025e5af73eb1a19,C_139,bottom,CPM,1
IMP_000308,d8966dfbb5fe06f659ee6ab25dbc7166,C_145,interstitial,CPI,1
IMP_000309,4ee9e86033018e12e9a80963b7da81de,C_10,top,CPM,1
IMP_000310,760e56b7174b4e5c25c415759ad8d223,C_151,top,CPM,1
IMP_000311,de2111dd0442403907abbe0e681b26b9,C_198,top,CPI,1
IMP_000312,a6c3577df8e7c6c4996a3230f259d52a,C_180,bottom,CPM,1
IMP_000313,4bc1f95440e263d1eff6eeddce657eeb,C_116,interstitial,CPM,1
IMP_000314,19536e7ff7551ee3c159983daf09817d,C_198,interstitial,CPI,1
IMP_000315,333d21f139dd2a3088e192eac8c4fd5f,C_163,interstitial,CPM,1
IMP_000316,8f9b722825f99270113737d898a01df6,C_189,interstitial,CPI,1
IMP_000317,d9767870334b57c4f045b3eb421100ed,C_63,bottom,CPI,1
IMP_000318,f4aca99a3f1ade5e36166f65d625e7d8,C_10,bottom,CPM,1
IMP_000319,965e4d12c99349cc65848bff4cfce399,C_91,interstitial,CPI,1
IMP_000320,4b7290c0ae49741851bf9cee65c550f4,C_103,bottom,CPI,1
IMP_000321,525d23b84720e091ecd7115c6900f3dd,C_5,interstitial,CPC,1
IMP_000322,af29062d6c66020c91f3e676055806d6,C_51,top,CPM,1
IMP_000323,24cd02b82d74dc57bd99f60e53983a3f,C_44,top,CPC,1
IMP_000324,71bcabc130d884b17608cee3d4652429,C_84,top,CPC,1
IMP_000325,42e12fe13146bf8d32dabccebc7df211,C_141,bottom,CPC,1
IMP_000326,46315a7d752e24a4fbb918d1d5587783,C_78,interstitial,CPM,1
IMP_000327,de361b88d0452fd05ac546bf92623b4e,C_123,top,CPC,1
IMP_000328,13021dc76a7129159f508e0db8999852,C_72,bottom,CPM,1
IMP_000329,d37a6440a01f8788cdce8011e4aa82d3,C_169,bottom,CPI,1
IMP_000330,586a96f496f1897325eae40671659840,C_34,interstitial,CPM,1
IMP_000331,1c999faf89132093bbcb0ebb700d8b65,C_198,top,CPI,1
IMP_000332,210f7ad4ebb279fddb1a49f801bb009a,C_178,bottom,CPC,1
IMP_000333,9403ec2dcf3d054c5d4c2d9dc597f85a,C_114,top,CPC,1
IMP_000334,d9283eff61fc72e38f42af9dca21e8aa,C_86,top,CPC,1
IMP_000335,6fcb960772f3da2b3434bbf838375cc2,C_12,bottom,CPM,1
IMP_000336,3ad19213052d40fd8491337a201c2e2d,C_17,interstitial,CPC,1
IMP_000337,b12db5da9647a826525dce28bf37f5a2,C_69,top,CPM,1
IMP_000338,9c34e0d63380438b8e13ed893bc1d012,C_84,bottom,CPC,1
IMP_000339,8a94b76c3e331a609769b705f85fce7a,C_185,bottom,CPI,1
IMP_000340,48c59e693e1a891c0e9288786de3231a,C_13,top,CPI,1
IMP_000341,954307477f44c89843670210701ab94e,C_127,interstitial,CPM,1
IMP_000342,7d9d832b26ee7b7e2142d8f3e54eb263,C_74,interstitial,CPM,1
IMP_000343,bab62febb8d6d4fe2a5ee1ebdf13a18d,C_65,interstitial,CPM,1
IMP_000344,8226616d92f68d47978dc56579504e01,C_136,interstitial,CPM,1
IMP_000345,aa6159de2126a9d5253d9bd117c90992,C_2,interstitial,CPI,1
IMP_000346,6e5cb855cf95f4f70ff1d7a5c04a9572,C_20,interstitial,CPC,1
IMP_000347,e2fd30a8ba7738225a866cbb25a368e4,C_11,interstitial,CPM,1
IMP_000348,40a436268f42c1cdbdca9fea21a8c20c,C_21,top,CPM,1
IMP_000349,c8b15cccff616a6b93838ca451667924,C_188,interstitial,CPC,1
IMP_000350,ba696f85e00ea751ea14913c33d0e8dc,C_101,interstitial,CPC,1
IMP_000351,eebf88d33050574093c0e696a3beb740,C_80,top,CPC,1
IMP_000352,64e738078eb9b02653f2afbebda1c60b,C_188,top,CPC,1
IMP_000353,180ffc0291c009f3b95d5563a16ecbe2,,top,,1
IMP_000354,b5a4be6de25490c49c99126c77600678,C_181,top,CPC,1
IMP_000355,2148bc3c6c40e1de1217a134138eec4a,C_143,interstitial,CPC,1
IMP_000356,74c14de28c86d6374af715fd9baafeb1,C_96,interstitial,CPC,1
IMP_000357,54c71c276142e986ea2b823e2dcd4b6d,C_191,bottom,CPM,1
IMP_000358,73f020a26cf7f53f7fb225898c3c5d02,C_198,interstitial,CPI,1
IMP_000359,5ae4d76079fdc46d8671a95875948007,C_1,interstitial,CPC,1
IMP_000360,7a33905d9fd166f3f57c47cecc346caa,C_142,interstitial,CPC,1
IMP_000361,d2eb841b59feb41f0d9f1b4d4fd8148d,C_135,bottom,CPI,1
IMP_000362,2f0bef818f78aaa6accfd5c5fa039e97,C_33,interstitial,CPI,1
IMP_000363,f1364c5843f29557db40af51fe916abb,C_148,top,CPC,1
IMP_000364,4dd8cade075cef276db03b181a797131,C_52,top,CPM,1
IMP_000365,1ddddd4c7a80eceeb4b0db7341870b3a,C_149,bottom,CPC,1
IMP_000366,8eddf620ebe300157a63a332a5146793,C_162,bottom,CPI,1
IMP_000367,8169437a14067545329c37ac5a539149,C_111,bottom,CPC,1
IMP_000368,3b97190ec18938209c99ca948714f2ac,C_73,interstitial,CPI,1
IMP_000369,143befcb422f1647dcec10c0531c0d45,C_74,bottom,CPM,1
IMP_000370,3ec35b1a66736a6a779957152740faf2,C_117,interstitial,CPI,1
IMP_000371,acc3d15c04a4657d125925f37260c530,C_87,bottom,CPM,1
IMP_000372,77286391d83494d9846622aa7fa2940f,C_15,bottom,CPM,1
IMP_000373,eae290314a4fc4e67cfe1200babe3e06,C_178,top,CPC,1
IMP_000374,1e932179b0acc1ae8a2a6afe40318f46,C_4,top,CPI,1
IMP_000375,285d59c2b1f29e349d790cc9ef0397fd,C_13,interstitial,CPI,1
IMP_000376,6f5deed6cfc58946af860496e7b98688,C_69,bottom,CPM,1
IMP_000377,28d045b6a45051d76f105e2f198f400f,C_175,top,CPI,1
IMP_000378,12f7c2c0aeab9a651e79a5f41f473331,C_6,interstitial,CPM,1
IMP_000379,4d0ea317400c119da03b9dd9d5c2f214,C_2,bottom,CPI,1
IMP_000380,94850b4dfe12846034905fda6a478cd6,C_93,bottom,CPI,1
IMP_000381,a3b7e1225d75846f18e0af4edb393ae5,C_15,top,CPM,1
IMP_000382,79f049d5683a9d3ed9bfa0cfd4d4bb45,C_47,bottom,CPI,1
IMP_000383,b6a722cb8aa9945cc351bdd3c0ec3ea7,C_30,interstitial,CPC,1
IMP_000384,12524beab21a485c889d961237883995,C_112,top,CPM,1
IMP_000385,7ff02c8333f1316053b81e79b8c51a49,C_5,bottom,CPC,1
IMP_000386,1bc2efabf29fb4b0b3304be014e91e32,C_132,bottom,CPI,1
IMP_000387,41d9affbd36f8be86234f018ea0547a1,C_36,top,CPC,1
IMP_000388,26dd9c48144f95319a26ef94ac2c11eb,C_194,top,CPM,1
IMP_000389,ba136421836ab7713d6ff2e1615077ca,,top,,1
IMP_000390,6324927c2f8a6d75faf7d9faa3c1f1ed,C_39,top,CPM,1
IMP_000391,c14a32fa6e095e891dfa3831efc2a910,C_118,interstitial,CPI,1
IMP_000392,cd7fc10c4906af6e3eaf177f00739909,C_57,interstitial,CPI,1
IMP_000393,4255dabf42fd361bed3e9186ce5dbc16,C_185,top,CPI,1
IMP_000394,969f04d61ad2f5784011486226fbb2fb,C_152,bottom,CPI,1
IMP_000395,cfec4e7a094618fbdd876947ffd30ce1,C_199,interstitial,CPI,1
IMP_000396,0a596d051f9f11689a6c2be595cd98da,C_185,top,CPI,1
IMP_000397,83e423679f76ffeb160db63697856553,C_111,interstitial,CPC,1
IMP_000398,155dfb2e93cd71d618ac16900f0a7a79,C_65,top,CPM,1
IMP_000399,0719915bbcc512517a13e25d63683f23,C_177,interstitial,CPM,1
IMP_000400,757bca05f06df506182c52151d30e83c,C_175,top,CPI,1
IMP_000401,efc1d2b8d4993c13bccea69f276388be,C_55,interstitial,CPC,1
IMP_000402,66f91edecbb9ca11bda672b14d8f9cb9,C_92,bottom,CPI,1
IMP_000403,0b1beedc2c5c652f4d9ffbed7798e14a,C_181,bottom,CPC,1
IMP_000404,7bef8595950755e7e178223114f81e5c,C_49,interstitial,CPM,1
IMP_000405,bb9e9852ca25785d5ceac2aab910aa64,C_11,bottom,CPM,1
IMP_000406,932699cd0c017e787608702ade88a93b,C_86,top,CPC,1
IMP_000407,733d63e19fc844dfdf6db52fc6a6c664,C_68,interstitial,CPI,1
IMP_000408,336cff2911b274f327a5d8b359925b46,C_94,interstitial,CPI,1
IMP_000409,0c1282db8fec9db32fa97d798d3c8461,C_68,interstitial,CPI,1
IMP_000410,797c2fec6a00ed2965f81539cc709651,C_102,interstitial,CPM,1
IMP_000411,de70447300195609cfef0cd460764778,C_105,top,CPC,1
IMP_000412,46803cf3dbfd9a82b07784f49f7a76ea,C_126,top,CPI,1
IMP_000413,a37fdf34d418f5543a6c0cb9fecd85ea,C_27,interstitial,CPI,1
IMP_000414,22c5a16c4b3d547ea1866a66f328cce4,C_76,top,CPC,1
IMP_000415,e23c7bd172be50d631f9e39d08fac86c,C_111,bottom,CPC,1
IMP_000416,7a5562772340452d6ea441c1d231e3e8,C_17,top,CPC,1
IMP_000417,5348d45f5eacbeaf13288264f96c78bd,,interstitial,,1
IMP_000418,ddd494bb9bc3e2699ed35ed034c53ead,C_199,top,CPI,1
IMP_000419,d5db5f5f1d806c901a8a944303d24a35,C_46,top,CPM,1
IMP_000420,3c80b878678fa85703d29426f28b800c,C_29,interstitial,CPC,1
IMP_000421,0d284f7a3bf50da375e5b24310937f10,C_62,bottom,CPM,1
IMP_000422,722227e3cd8c6c763b0bc1e8b6a2a0ce,C_6,bottom,CPM,1
IMP_000423,4b10892e687d78e6ac8117420d539e7e,C_152,bottom,CPI,1
IMP_000424,a00f0db6bbcb38eb6ca89810159fdf46,C_67,bottom,CPC,1
IMP_000425,aa6be927394ad52ca058cc8cb4db5077,C_175,top,CPI,1
IMP_000426,6fa8e41354f7850f3f65903960045226,C_134,interstitial,CPC,1
IMP_000427,3396dbdbedcf20271cd38ab12ebc8dac,C_99,top,CPM,1
IMP_000428,ca9fd1f2a675b71315123af7af66907b,C_180,top,CPM,1
IMP_000429,c74c899ef9c786f41e1b6dfd16f2db07,C_99,top,CPM,1
IMP_000430,1e8d0f182d47ce5997e8731c5f4e440a,C_46,interstitial,CPM,1
IMP_000431,a422286f057d0770d037bcb9bdfc5c07,C_195,interstitial,CPI,1
IMP_000432,1b99661f8cc2de2e2e40765ade7b4b24,C_133,top,CPI,1
IMP_000433,7887a51a4175018c3ffe5f7fc7632503,C_104,interstitial,CPM,1
IMP_000434,ec71ac47c443949d09e1fd3b7ac33eed,C_50,bottom,CPI,1
IMP_000435,923c9fb0ebd089fb69b6218a91fef1a7,C_171,bottom,CPC,1
IMP_000436,f970b5bd228fd19dd4d42a079305b7aa,C_167,interstitial,CPI,1
IMP_000437,f750ab05057f64892ac250b6a855b12a,C_136,bottom,CPM,1
IMP_000438,37578399550633d4fd7fb20358563bcb,C_184,top,CPM,1
IMP_000439,ad252e1a9bb927774fac7d19dfbe42bb,C_50,bottom,CPI,1
IMP_000440,15460660b42a2802f19826e141941533,C_166,bottom,CPM,1
IMP_000441,3716ba8f7e655a3363d504d03205f90b,C_70,bottom,CPC,1
IMP_000442,31320747e9c9cabcfd987f78f9d78074,C_72,bottom,CPM,1
IMP_000443,67f168a9c32b9fca38e91954ba52f8c7,C_113,interstitial,CPM,1
IMP_000444,7112b8be16701f0a3694233563d13c8a,C_65,top,CPM,1
IMP_000445,ba6e2394dd3632b12ef129266479e0c9,C_80,bottom,CPC,1
IMP_000446,2a3d96af5133bc7ea62feb4396a32612,C_181,top,CPC,1
IMP_000447,65e6e67c0ae942e76c8b4cffc48c347d,C_74,top,CPM,1
IMP_000448,4f2e13ed2c2f1299a2ff7f4e63e7c526,C_152,top,CPI,1
IMP_000449,a7840ec31bee2847862f66b48eb3db7d,C_22,interstitial,CPI,1
IMP_000450,3a409d3e35bd382a4f77c9c037610dc4,C_179,bottom,CPI,1
IMP_000451,c6ab5e3737f742fda7ba03a435531fa9,C_95,bottom,CPC,1
IMP_000452,00f3a0c47196be27c9ad05287c8312b5,C_141,interstitial,CPC,1
IMP_000453,c3e84784130244f5d02dd2ee21800bd9,C_107,top,CPC,1
IMP_000454,d6dded0e716d5c5b30fa1b1df3e09628,C_153,top,CPI,1
IMP_000455,2194aaeaf33b83bbe24725991af2991c,C_133,bottom,CPI,1
IMP_000456,c15182a34ab8a4ed5e5a9e08fc6eb6e6,C_180,top,CPM,1
IMP_000457,7f817c0f0329bf3e63d69a0c6a8856c4,C_188,bottom,CPC,1
IMP_000458,a2281a50815fcf58d3a6ceb19ff7e075,C_93,interstitial,CPI,1
IMP_000459,5023d926eca337dbcdeb21eb26d6d233,C_198,interstitial,CPI,1
IMP_000460,b4723f71368a7652a23969aeaeb59827,C_165,bottom,CPM,1
IMP_000461,7f6d1e6fdfd4e3ec6100adea3e046250,C_102,bottom,CPM,1
IMP_000462,2f8ef11a3d819bfe0cad8924888a72aa,C_68,interstitial,CPI,1
IMP_000463,416937c9449364852d8410c82561316d,C_75,bottom,CPM,1
IMP_000464,48cdfe8ef93fd3115feddab57905cbe9,C_174,interstitial,CPM,1
IMP_000465,15528f7168ef07966d51cb47be1a4257,C_32,top,CPM,1
IMP_000466,79acbe5e222d39936c1986532437b5c0,C_19,top,CPC,1
IMP_000467,4ee5061a39714f5cb4294a572f187efd,C_178,interstitial,CPC,1
IMP_000468,48ef9e71fbdd061c52026bbe5fc4e6f9,C_57,bottom,CPI,1
IMP_000469,aecbd7646c6b69fb3bad650278aa40a6,C_76,interstitial,CPC,1
IMP_000470,76ce6be7ab07e0dcd48c566b6395fc90,C_71,top,CPI,1
IMP_000471,0a8f41eeb985ac886308522cfe4a502c,C_184,bottom,CPM,1
IMP_000472,47553105560ee482e8fbaa5b84d32390,C_122,bottom,CPI,1
IMP_000473,a84162520a8e369e1a6a1dcccf5442ad,C_44,interstitial,CPC,1
IMP_000474,ca9fd4c7bd772d865fb5c3f2bee50182,C_56,top,CPI,1
IMP_000475,3d244bd9aa87132dc98aa88fddd0eda8,C_148,top,CPC,1
IMP_000476,ce33847c0dbdd067143b1dde935bffcf,C_122,interstitial,CPI,1
IMP_000477,cbd250bcbb19f87cc05b0db9ce3df32b,C_38,top,CPI,1
IMP_000478,719e96e76b5b8f167021162e8d8ef743,C_199,top,CPI,1
IMP_000479,64caceba589a192df65e33c7916f0e21,C_43,interstitial,CPC,1
IMP_000480,4c40f1896501bc43c37bbbbc60a94619,C_156,bottom,CPC,1
IMP_000481,1e0f45187fe6d64c5ff91dc30d327447,C_184,top,CPM,1
IMP_000482,a46361400f0d4e0ff1efa560a4435b63,C_121,interstitial,CPC,1
IMP_000483,ddc21a8b3bee518dc1730215101f5b64,C_31,bottom,CPI,1
IMP_000484,4669eda9e2b078cf02b78753497bf668,C_73,bottom,CPI,1
IMP_000485,46487159ace6280dde5ac5f7e82c4ed4,C_159,bottom,CPM,1
IMP_000486,6927a08d83f0aada9fd8777f78d3b9c6,C_157,bottom,CPI,1
IMP_000487,1b33191c16df2c835a48eeb125a3894c,C_191,interstitial,CPM,1
IMP_000488,e9eff0b981e04ce1415d35ec272548aa,C_113,top,CPM,1
IMP_000489,b46666f519c9595f63a2717752ed8c17,C_105,interstitial,CPC,1
IMP_000490,4767f210a6c27b07367616602a130511,C_192,interstitial,CPC,1
IMP_000491,29323d4a3e8b0001bf5193758dd4d275,C_37,bottom,CPM,1
IMP_000492,6b817cc915809877cdec6b76789ed0d7,C_52,interstitial,CPM,1
IMP_000493,1386464324041f0b88efad0cb43005bd,C_50,bottom,CPI,1
IMP_000494,128a3ff93540b9885d981c371f9cfb5c,C_9,interstitial,CPI,1
IMP_000495,5e45fbc3135cb0b05f6fbbd57142af72,C_26,bottom,CPM,1
IMP_000496,235108e33df50bac896e6189b86bb17c,C_78,interstitial,CPM,1
IMP_000497,a02d2d3f57f8949be7351ad70908c937,C_116,interstitial,CPM,1
IMP_000498,aaf94eb3b57c1500271d174af70a22d4,C_165,bottom,CPM,1
IMP_000499,fe41e3315f4301b9e5deff3bbfeded9a,C_150,bottom,CPM,1
IMP_000500,cfab4d14624a7a66f1c02effdc6e1777,C_92,bottom,CPI,1
IMP_000501,83e47d8aa3c2b23e591efd66738de1d7,C_159,bottom,CPM,1
IMP_000502,f8001f53de4914ba988d34dd489286da,C_60,interstitial,CPI,1
IMP_000503,f7da253f305a78ce4080f44f78a4eda7,C_68,interstitial,CPI,1
IMP_000504,22f4e541e72c316e9122e1fb12d95e14,C_106,top,CPM,1
IMP_000505,1878bcf68ec459424e00cbd4c0dc2626,C_77,bottom,CPM,1
IMP_000506,ac2de2083532aeb8f25cb20140b13198,C_114,bottom,CPC,1
IMP_000507,5f1e5232ea93950aff48663585e3e6a5,C_74,top,CPM,1
IMP_000508,ffdebb879ed544527fab0181c56a6d6d,C_111,top,CPC,1
IMP_000509,9dac422d7ac649f03b22739c19083156,C_9,top,CPI,1
IMP_000510,0cea0bee40b8446d09e5735fd3d69f83,C_120,interstitial,CPC,1
IMP_000511,79787fb4172b7c52914470fe6ba62a9c,C_189,bottom,CPI,1
IMP_000512,a743f458039f9a72f911731de43b1d57,C_43,interstitial,CPC,1
IMP_000513,e21c284c91b92c257afdbde8108006c8,C_174,top,CPM,1
IMP_000514,4d8c82e90ea4e5f952bef771b6d2aa11,C_33,bottom,CPI,1
IMP_000515,5ab739519a78ecfcb4d4234c3bc41323,C_118,bottom,CPI,1
IMP_000516,9e60aec6c3f809333427e69d1adf2bf1,C_186,top,CPI,1
IMP_000517,e0e99d40b3689a71189997911d9cb984,C_105,bottom,CPC,1
IMP_000518,7e5c86f5d21a5b4314c25887d396a045,C_44,bottom,CPC,1
IMP_000519,aa276fc4141b0415e65445c89f605bd5,C_147,top,CPI,1
IMP_000520,f2b0a1520b8d1a6f25e479e4d8f58321,C_196,top,CPC,1
IMP_000521,ab2647a37ad0091e89ae2c8dc2b9a86d,C_196,top,CPC,1
IMP_000522,a352c8e21d3ac3bc5303a347f7aa4cef,C_102,top,CPM,1
IMP_000523,1d11e0c2c8971cfd41ec85f697e4bead,C_32,top,CPM,1
IMP_000524,ac9aef88094c8d9da0ba0bb685e3707e,C_96,top,CPC,1
IMP_000525,f6cb6f470cdef982010c27f62fdd764b,C_195,top,CPI,1
IMP_000526,2a73156865e2d55929889f44a8b471bd,C_175,bottom,CPI,1
IMP_000527,95aa1601c55e7b1f237755da56851822,,bottom,,1
IMP_000528,696397ce9c354bf72784d47bf365eff4,C_42,bottom,CPC,1
IMP_000529,922cf6ffeb48e962afb04fe2864144f7,C_11,bottom,CPM,1
IMP_000530,b517c5aeb01301b81d71a9cf1096a575,C_178,top,CPC,1
IMP_000531,e2571c5e57d571e20ecab692276a2c45,C_154,interstitial,CPC,1
IMP_000532,5a4e168ea96a7d6405643a7ecb67b2df,C_80,top,CPC,1
IMP_000533,97776000b079156351865f4d681ef237,C_83,interstitial,CPM,1
IMP_000534,be79534d310d839967204ef515caf115,C_86,bottom,CPC,1
IMP_000535,3181f5bb788a2d4bd22d5a57f8f3770f,C_151,bottom,CPM,1
IMP_000536,3c2fde3d83424a35001fa129bc320936,C_99,interstitial,CPM,1
IMP_000537,a16bac5972ccf3627f9b8744eda972f2,C_18,top,CPI,1
IMP_000538,5fc6bff01d03c466677689738a2fbe45,C_61,top,CPC,1
IMP_000539,b731b80301d2997bde9a22e5f769804d,C_12,bottom,CPM,1
IMP_000540,dd7cc26f42d34e7ec03a96d09a24167b,C_29,interstitial,CPC,1
IMP_000541,b16a5e431014d6ec365a03c9fb0c5707,C_109,top,CPC,1
IMP_000542,e760b5c0a8e9b243e428a88c7479bbd6,C_95,interstitial,CPC,1
IMP_000543,c1a6f5ddeeb1775f73c48c706d343b3b,C_12,bottom,CPM,1
IMP_000544,bcdbb8e69e9a3cb32818ce25b98e3e69,C_45,top,CPI,1
IMP_000545,7c6031ff725577f60def4936418785a9,C_48,bottom,CPC,1
IMP_000546,59a527d4f271c8cf6edef85a0b12d2ec,C_131,top,CPC,1
IMP_000547,95410f0282e0a27466c369fdf39810a8,C_123,interstitial,CPC,1
IMP_000548,629fc0396ad8170aace5750daf63670d,C_145,bottom,CPI,1
IMP_000549,818efa83acc41c667cfd51c6fd613259,C_23,top,CPM,1
IMP_000550,6f53ba75dbb4e3478c13ce3776d574a0,C_82,interstitial,CPC,1
IMP_000551,06a70ea0528a0c8b8a912b48fde70a21,C_173,top,CPM,1
IMP_000552,95b0e9cf559db91dd88a726b29d8ba50,C_12,bottom,CPM,1
IMP_000553,c195061458c0b7437bdf1aeea4632dc7,C_91,bottom,CPI,1
IMP_000554,570a973bf269f440c44c2f9889e985fe,C_68,top,CPI,1
IMP_000555,db36c59018253fb8a9d6146804f9c488,C_135,interstitial,CPI,1
IMP_000556,a2c3c6e7ca4f7d71426fa3959ac72d39,C_109,top,CPC,1
IMP_000557,4a39e7127abe5222a99cc8e79de0d554,C_59,interstitial,CPI,1
IMP_000558,c560c1f1a80133445b3c2aa74f72ee00,C_42,interstitial,CPC,1
IMP_000559,dcb08fff8ed9ed5161dbe738af89dd7e,C_113,top,CPM,1
IMP_000560,bb67208ea97bc07b5813f25e9c1f22f1,C_158,bottom,CPC,1
IMP_000561,4bc80abb71105397aeac81e1f4cfee2d,C_82,bottom,CPC,1
IMP_000562,bc9b336453a58f63dae92013b59a4a05,C_178,interstitial,CPC,1
IMP_000563,d5bde74d404a55b426697c49ffd134a0,C_14,bottom,CPI,1
IMP_000564,d2e08c4f583da68adf4b809167fd30f1,C_87,bottom,CPM,1
IMP_000565,bc037d743e0ad5054b07975163cb0cb4,C_186,interstitial,CPI,1
IMP_000566,0a0b34bbdb9a1d4b99f4543d881be378,C_148,top,CPC,1
IMP_000567,62f83412b1ff5df628932039d88f86ff,C_165,interstitial,CPM,1
IMP_000568,ae241ede292b83edaf5e62bf0214cbf3,C_161,interstitial,CPM,1
IMP_000569,b7d1a7de1b7eca4e9deb04645e3263f8,C_167,top,CPI,1
IMP_000570,5b2dc28eecb8b30048cafaaf0016a5f1,C_149,bottom,CPC,1
IMP_000571,e40f0d6db0c1b50cef8e6dbedf533215,C_27,interstitial,CPI,1
IMP_000572,52a88990173a7a648290e696f83ae3bd,C_152,top,CPI,1
IMP_000573,80e688d16a873244301190f8c962a37f,C_110,top,CPM,1
IMP_000574,fe7671446899f70f73235ba4b75fe434,C_148,interstitial,CPC,1
IMP_000575,b2e0d88d6e7ea32b4ea46b5faa8b34a9,C_65,bottom,CPM,1
IMP_000576,0fc49bdf34913a36679cf06ab9a78ad7,C_38,interstitial,CPI,1
IMP_000577,2ed17720110730de6f651968e7190c09,C_175,top,CPI,1
IMP_000578,e94ce76e5aeed1d0f386067253bbc520,C_175,interstitial,CPI,1
IMP_000579,74413e92767d77aa1b04c5252872a209,C_88,bottom,CPM,1
IMP_000580,1c95f5059ba2a930f18820c35d4a2033,C_77,interstitial,CPM,1
IMP_000581,fea9d8d47633fd3819b33c5419ee2e23,C_20,interstitial,CPC,1
IMP_000582,3f05fe72c3c67f4f3a8b76f5f18facb3,C_64,bottom,CPC,1
IMP_000583,b42ae1016554051b37e7a9ebb652022f,C_174,bottom,CPM,1
IMP_000584,d289b172e88c5355234ec1cdce94efd9,C_170,interstitial,CPI,1
IMP_000585,1a8c86a51b2691773e29b099457ef210,C_46,bottom,CPM,1
IMP_000586,cd66decde4b3d953142f65f2157c05dc,C_176,top,CPM,1
IMP_000587,6c40a2803cff0ae33c12bbfff3f0877b,C_172,top,CPI,1
IMP_000588,24e33b5af63ac601ff91b18a5f6c6d1c,C_130,interstitial,CPM,1
IMP_000589,21e7708ae2a16843f0b2214e207959e5,C_119,bottom,CPC,1
IMP_000590,1211bc864e689a98c85eb0743411e33a,C_130,interstitial,CPM,1
IMP_000591,61a49f797a53f4149765e04ba5585e81,C_146,bottom,CPI,1
IMP_000592,65c32d5a268ea2d30e38b8fab11be9be,C_106,interstitial,CPM,1
IMP_000593,c566a210b4de30452f36f098bef34557,C_64,top,CPC,1
IMP_000594,b4c337e7349ffc4848f63cb5a2d78784,C_166,top,CPM,1
IMP_000595,7f4ef5e8469fc549e7f29254e34866a5,C_50,bottom,CPI,1
IMP_000596,3f6df96681bfa348892823f26dd2887e,C_168,interstitial,CPI,1
IMP_000597,147ee5999a9ce01e1c7be62cc7c36f08,C_196,bottom,CPC,1
IMP_000598,340becddd80274842028396466a7023d,C_55,interstitial,CPC,1
IMP_000599,5ad53a1a6753ffd57ee60c37d83d8d6d,C_39,interstitial,CPM,1
IMP_000600,450fce6c9abf43bb52df573e2a3a5388,C_48,bottom,CPC,1
IMP_000601,1927b0ad9c3639ece7075f10ed211b91,C_86,top,CPC,1
IMP_000602,54ad85660d6c7a3718c2153c06b964df,C_69,bottom,CPM,1
IMP_000603,fe91a78f2c9ae45618cc29d4f56d2fdb,C_30,top,CPC,1
IMP_000604,20a0493c36e0ae03f1b7f4a3ff4f0cab,C_169,top,CPI,1
IMP_000605,7b94417e2a083b0dce08faba8815e47f,C_103,interstitial,CPI,1
IMP_000606,b75bbcdb75cf3575afe3f7d424162f51,C_57,bottom,CPI,1
IMP_000607,3f74dad4fcd945d033d8556a3bacd89f,C_43,interstitial,CPC,1
IMP_000608,f59f06644dcf144bbae9992f8ebf3491,C_153,interstitial,CPI,1
IMP_000609,06e227330185eb92eaa348be1487f781,C_193,interstitial,CPM,1
IMP_000610,3e27d45e00f70cb9878ea44245490309,C_116,interstitial,CPM,1
IMP_000611,c4fecfa75bc0b8340bf72bdbd033d35b,C_6,interstitial,CPM,1
IMP_000612,35c0b79c561ea0a5ed3e09ba6b8ab6fa,C_91,bottom,CPI,1
IMP_000613,75f9bdcd23d29aa33a87a5ce9495bafa,C_109,interstitial,CPC,1
IMP_000614,cfe0898aa26e563c487f20f95c776610,C_999,top,,1
IMP_000615,5ce7941cf244d881d9bea299716f81f2,C_185,top,CPI,1
IMP_000616,801eb69600b8832072630a5d95976fee,C_195,top,CPI,1
IMP_000617,35c61f9f8cf25c0907fb14cc2bf71bab,C_71,bottom,CPI,1
IMP_000618,f96db0e1c66abe39923c6ed5bcf6f20e,C_76,interstitial,CPC,1
IMP_000619,603731f59d109cf4d549bb2c5c7288ea,C_151,top,CPM,1
IMP_000620,bcb1abda5017439abcd18c2c338e8cdb,C_171,top,CPC,1
IMP_000621,3834500826b214079030e6cb4ade121e,C_73,top,CPI,1
IMP_000622,8e202d693c1ccd79dc3a0c2e4de89803,C_38,top,CPI,1
IMP_000623,7637b63c7e2ec2c4a6ee729e956205d2,C_59,top,CPI,1
IMP_000624,ffe5bbf0a982518858c9a4ccd6e40a40,C_165,bottom,CPM,1
IMP_000625,b90dfb219c308e373989562997c983fb,C_79,interstitial,CPI,1
IMP_000626,ce386dc9145a7fce226729208a3b19d7,C_163,interstitial,CPM,1
IMP_000627,03e0da7ccc07f9e855b59fe5138aff89,C_165,bottom,CPM,1
IMP_000628,00cc4293ddb89039888f5fd26d71d456,C_18,top,CPI,1
IMP_000629,da4c27486962adb8d7759d3be60526ab,C_143,top,CPC,1
IMP_000630,bccd6f8132368a658e50e4dc40713e1f,C_179,interstitial,CPI,1
IMP_000631,d04af1f6fc6b0e1c9e41c113e99d2470,C_176,top,CPM,1
IMP_000632,ccd3780f7171b1fde88ba9b3e78e8418,C_69,interstitial,CPM,1
IMP_000633,f7ea4985f8222e4bf70f81355e1181df,C_61,top,CPC,1
IMP_000634,7e5a4d72f177f3f2d0379d87d4387416,C_135,top,CPI,1
IMP_000635,d6bedf268fdfe333932f0939fb71f077,C_97,interstitial,CPC,1
IMP_000636,497a6ea3088d7f2bc1492b4895cc5d4c,C_58,bottom,CPI,1
IMP_000637,0520b4599587c67f0a9a57b27005f1c5,C_16,top,CPC,1
IMP_000638,86c3fc90b52149e3ac1a181ce79c5789,C_49,interstitial,CPM,1
IMP_000639,36cdeacea1f3b92cf6019e38732c91a1,C_72,interstitial,CPM,1
IMP_000640,29ad3dd8d6ce5695157bab6de7b37aaf,C_15,interstitial,CPM,1
IMP_000641,0c4e2167b12e728e137f4674fbcff95d,C_64,top,CPC,1
IMP_000642,38111baa2fcec961f0c92ac895bb46f1,C_35,top,CPC,1
IMP_000643,8e6066447577d265cc099aaab71caf7c,C_66,interstitial,CPI,1
IMP_000644,d7afd9c988aee35b1f364a168eb84106,C_52,interstitial,CPM,1
IMP_000645,a29d90f90142d50348710b7563603088,C_49,interstitial,CPM,1
IMP_000646,1fdfba72115daaa0542a65f13bd89d7a,C_6,bottom,CPM,1
IMP_000647,db2b4196cbb5e71a35365006d3c847e8,C_110,interstitial,CPM,1
IMP_000648,fe7fb2d85f564804e061d55207327199,C_169,bottom,CPI,1
IMP_000649,027e5a07578569a568a87e5aae237855,C_149,top,CPC,1
IMP_000650,e312762164fd0fde4df121fe8f0f941a,C_189,interstitial,CPI,1
IMP_000651,735e9fece09463598a9a1dd331f37405,C_169,bottom,CPI,1
IMP_000652,00a0851edb88a4a0ffbdd3a641f5e9b5,C_62,top,CPM,1
IMP_000653,9d48ed6bea4a132d5f335aa3d0f94d7d,C_147,top,CPI,1
IMP_000654,27ab83c06f2cce8666aeb8f6bf2e7849,C_53,top,CPI,1
IMP_000655,0edb77d81d4fa39d1120bfbd9f6c948c,C_83,interstitial,CPM,1
IMP_000656,1ee06e5bdba45ad77eecff9895ebabe5,C_85,top,CPM,1
IMP_000657,f9f0f04bb509ad425813c469adb041e7,C_21,interstitial,CPM,1
IMP_000658,36f322832d3254721506e290a6c05109,C_195,interstitial,CPI,1
IMP_000659,a8f238674d8aab7bb8c22883e0e52e0a,C_52,bottom,CPM,1
IMP_000660,47d3050fbcf94283a3977fab3544a0d7,C_41,top,CPM,1
IMP_000661,bb6ccc6779dd25654c51c06d1bc02e85,C_40,interstitial,CPI,1
IMP_000662,0a2e5c406961adb96d92b0273d975043,C_98,top,CPI,1
IMP_000663,bbc2f760a12ddfff4a2bc2bf94f00705,C_22,interstitial,CPI,1
IMP_000664,5ef6d02ac6087a898566b310fbb7ba61,C_193,interstitial,CPM,1
IMP_000665,6947e5879da85b86bbb45740df5a4bd5,C_124,interstitial,CPC,1
IMP_000666,c64df18f7e25fcb9bdc75dd51e18fc22,C_74,interstitial,CPM,1
IMP_000667,47519ceead39975700cffbdc17bb611c,C_78,interstitial,CPM,1
IMP_000668,976ea8c66bab83783e1e213b7d00c80b,C_33,interstitial,CPI,1
IMP_000669,cf9be19109e983e8b4a4ca8242475457,C_48,top,CPC,1
IMP_000670,b37f3e08e745922b9128db87342f6842,C_68,interstitial,CPI,1
IMP_000671,9b70c861333536b645e1f87a6d3a53b0,C_101,top,CPC,1
IMP_000672,e74e5d96450af6659a84b22187418fb4,C_52,bottom,CPM,1
IMP_000673,2502373ecc89d542e134d3d4c4235722,C_104,bottom,CPM,1
IMP_000674,3b3cbedff444edf28be8593b52bf0448,C_22,bottom,CPI,1
IMP_000675,90bbf1a2d1af2cfea178d5bf19e0e183,C_174,bottom,CPM,1
IMP_000676,13a364d5dd47382562905ebb987e81d3,C_1,interstitial,CPC,1
IMP_000677,5b2077d324ffe71fc3185e6d5f35c1f7,C_172,top,CPI,1
IMP_000678,f7546d1a0540bcdee2ce71a5a2d8f11d,C_153,bottom,CPI,1
IMP_000679,8a09499df71395145f906c1e27d486c4,C_44,interstitial,CPC,1
IMP_000680,7a8e2a17acd8817bcf1f6863e29a4eac,C_52,interstitial,CPM,1
IMP_000681,8036de8f793fc9f9302b4e91d024c3cb,C_136,bottom,CPM,1
IMP_000682,d7f79e1770fd766f49677929e5c3b80b,C_199,interstitial,CPI,1
IMP_000683,e1a12d50f448dda0f822b8880a3b5be3,C_71,bottom,CPI,1
IMP_000684,dccf8f94d547387d0b4e0b9a49885dc9,C_28,bottom,CPM,1
IMP_000685,f561a0edb3634420482020a58477e6df,C_166,bottom,CPM,1
IMP_000686,61a99f93375b434030ec0a70bd984a8a,C_166,interstitial,CPM,1
IMP_000687,01f146d41d3fa69f3fa4da921181a337,C_118,bottom,CPI,1
IMP_000688,9d733e0152ba4ec3946563811475e820,C_29,bottom,CPC,1
IMP_000689,72c079f360fe43e564164b4f306e843a,C_114,top,CPC,1
IMP_000690,db5cdfa99f89687d205afb6052fb124b,C_150,interstitial,CPM,1
IMP_000691,f581168826adc06fa4a2368f739eaff4,C_79,bottom,CPI,1
IMP_000692,784a9dc3ce4c78b8c982a618a6b9d74c,C_147,bottom,CPI,1
IMP_000693,5bad4c45a8fc40c443a28bfbada1c07f,C_47,top,CPI,1
IMP_000694,9269a2703a96d2d3ec2066842d052586,C_194,interstitial,CPM,1
IMP_000695,2b2fbf9e2a0494d6ed0d4bef35b537c7,,top,,1
IMP_000696,94de2a86000ba141661476cb5cf1e4b2,C_93,bottom,CPI,1
IMP_000697,0148c39ffad0e7e80809ea3fe56a09a8,C_134,interstitial,CPC,1
IMP_000698,2a4a2e55554241a76e1075ab9036c508,C_47,interstitial,CPI,1
IMP_000699,0d88e54d4beee9dd7c7581aeeca3487d,C_65,top,CPM,1
IMP_000700,37ffcb713fe90d54002ba296727490d5,C_91,top,CPI,1
IMP_000701,e84f98e23313470794d62a5667ecb87c,C_148,bottom,CPC,1
IMP_000702,af9a9c6c180f5356d73a66878690bc33,C_57,interstitial,CPI,1
IMP_000703,5516d3d407c8477fde39d1d9dd3e2ee6,C_177,interstitial,CPM,1
IMP_000704,b6e5b6d814a9f6f3bcbf9c74553ffbf9,C_159,bottom,CPM,1
IMP_000705,d3604b61e807c8d2593817c5997e2415,C_11,bottom,CPM,1
IMP_000706,c4f0894c147cbcc30b052308efea878e,C_173,bottom,CPM,1
IMP_000707,b009a38eb7c0104546b8acb3e85a3823,C_53,top,CPI,1
IMP_000708,05cb6c73c9c21c954515517ded5daf8d,C_140,bottom,CPM,1
IMP_000709,897470c92a2720c17ad61bc927bb7046,C_158,bottom,CPC,1
IMP_000710,bec70d16a5bfeefb98957f8ac2c2af14,C_157,interstitial,CPI,1
IMP_000711,f21709599457656c21406007efe35273,C_999,top,,1
IMP_000712,73b507d88a8c69ad46a6c5b88eb2b051,C_142,interstitial,CPC,1
IMP_000713,d9d139ae3c7dccc318309313f23bd74d,C_129,interstitial,CPC,1
IMP_000714,8cfe89226e268f20841b0bf56220974a,C_92,bottom,CPI,1
IMP_000715,897bad655da39310f5a22bde367d9dd4,C_55,interstitial,CPC,1
IMP_000716,1146edfafa30c15b39823e6d8974f8c5,C_165,bottom,CPM,1
IMP_000717,2750d1aefecfc36734945dd2c3193532,C_78,top,CPM,1
IMP_000718,7faad7e4eac2d946d378914e55044a4a,C_118,interstitial,CPI,1
IMP_000719,7e055d12718590fcf7388471f754098a,C_108,interstitial,CPC,1
IMP_000720,a74f3242433644a1160af6fa8843fc56,C_57,top,CPI,1
IMP_000721,4b8d7cfef8e7f7dd6569cbc83d05ec4d,C_66,top,CPI,1
IMP_000722,a943eef0743e30bc114efac5f988c8cc,C_124,interstitial,CPC,1
IMP_000723,cfd48129ef6e58809cde7ce196bbedbd,C_115,bottom,CPM,1
IMP_000724,f0f66d11fe23af700b99e86889766db8,C_135,top,CPI,1
IMP_000725,8208bd42992471016801ce7456d00163,C_117,bottom,CPI,1
IMP_000726,407e3d57fc1914183f1eaa62f64b4176,C_14,top,CPI,1
IMP_000727,8f0f9d1f3f7c00a2d3f4575235a68dda,C_142,interstitial,CPC,1
IMP_000728,cde0289214ba2c80e528b0fc03ed5b51,C_38,top,CPI,1
IMP_000729,a8e1f0ba15f958d40a6a5b4f4e3c4635,C_102,top,CPM,1
IMP_000730,2cfe783a549d9f16b01249b5df712b1e,C_132,top,CPI,1
IMP_000731,f0bb17efa61673b16ba3bee7085ebeff,C_74,bottom,CPM,1
IMP_000732,80ca4114357994a7bd576504f5d16e50,C_33,top,CPI,1
IMP_000733,b5ea5ed05bf2856a4a6e67e4e5196b81,C_149,interstitial,CPC,1
IMP_000734,efd499e0080c25e4dd09e5d8f6268209,C_80,interstitial,CPC,1
IMP_000735,b2d629e4cd958a46ffb30140fd8beafd,C_70,top,CPC,1
IMP_000736,0d039f6bd134559e0a0df77121237d16,C_43,top,CPC,1
IMP_000737,2292d02eb72bae797356776ca1a25177,C_15,interstitial,CPM,1
IMP_000738,40567613ec467265b6b2e309742d5774,C_154,top,CPC,1
IMP_000739,09b2cfda31ec422a3b4104e4b8517c76,C_174,interstitial,CPM,1
IMP_000740,19585e91791ffa7ac265eb0e45a960fd,C_171,bottom,CPC,1
IMP_000741,099621ec05b1cebaae657fee86afcf3d,C_117,interstitial,CPI,1
IMP_000742,aa78723c9290b5e73773b03066758163,C_196,top,CPC,1
IMP_000743,d28e572885ea2335ee3fe13b6e270414,C_68,interstitial,CPI,1
IMP_000744,a4a89955a3e2daf2d1a1440e03f6b749,C_163,interstitial,CPM,1
IMP_000745,37b178d34ceda6761e6b1455250d8787,C_64,interstitial,CPC,1
IMP_000746,a9e82d91c1d0770480b9e8f9ece800da,C_11,top,CPM,1
IMP_000747,8068453fa703c0537ea4a8b99187d918,C_4,top,CPI,1
IMP_000748,30bb5f3230907f2969b3eaec1d0f93d2,C_82,top,CPC,1
IMP_000749,5be4d4945e1225a77285d17d7918c2c3,C_65,top,CPM,1
IMP_000750,1e53f01639434b50df97995086290f36,C_189,interstitial,CPI,1
IMP_000751,db7ba3cad9ec8a410bebac7700e0a804,C_156,top,CPC,1
IMP_000752,e90d8c989480cab72150260edffb86e8,C_181,top,CPC,1
IMP_000753,2de1d8c52946927e8a66d76e000c9785,C_76,top,CPC,1
IMP_000754,7454747d54699ed9d058bac931af379a,C_132,top,CPI,1
IMP_000755,76760280f73b87eeeb27a063700c7676,C_46,bottom,CPM,1
IMP_000756,9e071b72881792b1b2a7797ffe305c35,C_183,bottom,CPM,1
IMP_000757,8860036f1291d093cd7efb10d5821475,C_83,bottom,CPM,1
IMP_000758,ffb80109fc2ce68f480b4dd0f0586ee1,C_72,bottom,CPM,1
IMP_000759,09d6300c52a0252b755fdbc52efb8f35,C_169,interstitial,CPI,1
IMP_000760,54445df4ff10262ae33e8d6eaa8b0b8d,C_69,interstitial,CPM,1
IMP_000761,dc22dfad5c4d53091e44c039d7666747,C_35,interstitial,CPC,1
IMP_000762,35216cc82065b605e7dbebf88d689926,C_36,top,CPC,1
IMP_000763,d7515a943995508c698cfd62a6d342a8,C_187,bottom,CPI,1
IMP_000764,24459d8559ff1f6bae8d8be1cbcba911,C_121,top,CPC,1
IMP_000765,c97082a548e77de59583579115cd93fc,C_173,interstitial,CPM,1
IMP_000766,564c974e23f519144672cbe94e39b100,C_89,interstitial,CPM,1
IMP_000767,4777c9e08017f4ac4c0c863555f7e5b1,C_194,interstitial,CPM,1
IMP_000768,bb74030e340af0a1cbb3d1eda0d0e902,C_163,top,CPM,1
IMP_000769,55032e7cbf6a2e1d2ddc0292f2625758,C_99,bottom,CPM,1
IMP_000770,ab592d5eafc3570b7dfda6ed26494896,C_123,bottom,CPC,1
IMP_000771,b1bc4b58a14cca751a0097ee87927b2e,C_21,interstitial,CPM,1
IMP_000772,0b57a0ce94b8f92d8c90579f943d8ed4,C_139,interstitial,CPM,1
IMP_000773,8f00f5ed8a39e744ce5ad1ab781ff784,C_158,interstitial,CPC,1
IMP_000774,807fd0184c5f79922ddd0d64db835952,C_57,interstitial,CPI,1
IMP_000775,2f518fcbec52c6d0d0ff543c45c6e76b,C_132,interstitial,CPI,1
IMP_000776,6b1f9284a85976e8ca652557ad33beb5,C_88,top,CPM,1
IMP_000777,b1b6f39323d79889323e0012af66f335,C_148,bottom,CPC,1
IMP_000778,a4f436453a78462c8e61a7d7510f9ad5,C_74,top,CPM,1
IMP_000779,1683badb774504bcb9911c5c91c91079,C_118,bottom,CPI,1
IMP_000780,2dc756932bbd9aec01fd6dc0b77e0d2d,C_144,bottom,CPM,1
IMP_000781,7b60373a3b57a4a7852707ba4e4662cb,C_162,bottom,CPI,1
IMP_000782,f1eccc62f8c531eb40f73ffa8c4c20a4,C_180,top,CPM,1
IMP_000783,cbddef71c7b9610b998985765702ca14,C_131,top,CPC,1
IMP_000784,561704448274506738445686f7b1f17c,C_75,top,CPM,1
IMP_000785,7b8f5ed93c883dc3c1099fa876282638,C_109,top,CPC,1
IMP_000786,3f0d13562dfe10c45fd5996f67dcb040,C_115,bottom,CPM,1
IMP_000787,428068c8d2dc5002158f568640da2eb9,C_153,top,CPI,1
IMP_000788,633600fd18a03fcc7d32e5c008624244,C_32,interstitial,CPM,1
IMP_000789,9b999c117105f571499e512b004a6e3f,C_33,top,CPI,1
IMP_000790,a7ce582646d87da75da0c5b134757529,C_22,bottom,CPI,1
IMP_000791,721226456b0e7d4c32c8f5f3cec00739,C_8,bottom,CPI,1
IMP_000792,3c1794c040481e344aae4cda85077262,C_110,interstitial,CPM,1
IMP_000793,a061d2507525ff01b0725fa7406464eb,C_91,interstitial,CPI,1
IMP_000794,7a5d0ae66c230cc252ef017f3ea63c20,C_3,interstitial,CPC,1
IMP_000795,d154114fb909b80e7363d6b8ded13842,C_56,bottom,CPI,1
IMP_000796,0b64eaa34b412ef205eaf936901142ad,C_67,interstitial,CPC,1
IMP_000797,c056644a7a9b6cc2d550d83e073f8e16,C_27,bottom,CPI,1
IMP_000798,6b227597a9c0effb20e821ec58e70928,C_13,interstitial,CPI,1
IMP_000799,b00933ca3142fc74e47a9ed91940d1f2,C_34,bottom,CPM,1
IMP_000800,727fe11522b0a04202324e6e9adf0f3b,C_180,bottom,CPM,1
IMP_000801,81fedb5e7aa92b50f8186003473f8745,C_130,interstitial,CPM,1
IMP_000802,239c5c067b22b6f3e0f97536551a4b13,C_149,interstitial,CPC,1
IMP_000803,bf16bd096cb167905ff3f594ccbd6352,C_999,top,,1
IMP_000804,0d87894ef5f91e0da0c8a037289c016f,C_104,top,CPM,1
IMP_000805,477cacbe0740b3802dbd54751863758a,C_135,bottom,CPI,1
IMP_000806,961820ecc3f9caa4b475c887171547db,C_106,top,CPM,1
IMP_000807,571af5adb7eda94c98d10ccbbe3922ab,C_38,top,CPI,1
IMP_000808,f08dbc5cb34da24c8570bda9b148eb73,C_36,top,CPC,1
IMP_000809,16d66ad7c09b973b6759ee1d1bbb755d,C_6,bottom,CPM,1
IMP_000810,c65dd643f18f1e4ff1d302565d5f9da6,C_84,bottom,CPC,1
IMP_000811,54349d762fe7d5fefae7e2aa97c998b1,C_134,interstitial,CPC,1
IMP_000812,d0a3aaefcd261a3406cc451270439816,C_179,interstitial,CPI,1
IMP_000813,6a1284c85057ab713380f3d002e3ea75,C_13,top,CPI,1
IMP_000814,8a1501bb1b791bf4c85a09d8a0541a3e,C_177,interstitial,CPM,1
IMP_000815,5aa2945f5abd549cc47544b4b047a121,C_68,top,CPI,1
IMP_000816,738d999c48119870ceecd9a58b7a0a60,C_52,bottom,CPM,1
IMP_000817,3597e83b521b97bbd07b90cc8e887fb6,C_14,top,CPI,1
IMP_000818,c71816b0da23ceb2ea680b36f0719a3c,C_189,interstitial,CPI,1
IMP_000819,c03fd69a0d34df78f19dc6dc54470457,C_101,bottom,CPC,1
IMP_000820,792aa6d62cc974f40163981400b980fa,C_33,top,CPI,1
IMP_000821,e00fc6fab4329403b73af43cceed201f,C_47,bottom,CPI,1
IMP_000822,303a590783620e4834fe476622d0e83b,C_104,bottom,CPM,1
IMP_000823,7c534c3ef6334e7c28c23e1dd4b48daa,C_147,top,CPI,1
IMP_000824,9037b28bfea43e296307f1692bf89d17,C_27,bottom,CPI,1
IMP_000825,e7d6fd64930649ca609cf419b3c9cf7e,C_130,bottom,CPM,1
IMP_000826,fae9b112ca54db2a63f81ab378c95c2e,C_136,bottom,CPM,1
IMP_000827,17451794e7856bd2069d655e6de95087,C_175,interstitial,CPI,1
IMP_000828,dd26316402d6cd78e8513e143a3b620a,C_98,bottom,CPI,1
IMP_000829,4f39cd431970275d409bcf13dc77515f,C_5,interstitial,CPC,1
IMP_000830,a6d6f1ad2c4c29621502aae4ae394720,C_133,top,CPI,1
IMP_000831,725acfc7d29131593fd3633b7cc3c8ef,C_91,interstitial,CPI,1
IMP_000832,0886a46fe9dbfb9290deb42c08e0ed70,C_106,top,CPM,1
IMP_000833,1cadfc46dbdde8817300548c6790d4e0,C_132,interstitial,CPI,1
IMP_000834,e3863a6c0b104b87bd7888ffd1e68267,C_65,top,CPM,1
IMP_000835,ea93748632fc25718126613bf7463626,C_133,top,CPI,1
IMP_000836,72a9dcff39bc7cfb96eee9c1edecb543,C_23,top,CPM,1
IMP_000837,5bd543361e6934b98aa11160b2bb07ad,C_136,top,CPM,1
IMP_000838,1132ac7e04b3b14b11405996a78df72d,C_107,top,CPC,1
IMP_000839,fdee6c14e50a3350f2036ee3c6f7f7f5,C_7,interstitial,CPC,1
IMP_000840,ba670be0cc865ebdfb43c0560914d937,C_72,bottom,CPM,1
IMP_000841,ad863167230c906e52f5efe3173f17a9,C_101,interstitial,CPC,1
IMP_000842,85d8168a2bd7acdd7ceb5882c46583aa,C_8,interstitial,CPI,1
IMP_000843,db9b8bdbb5d4de5b2df40a979747a6de,C_191,bottom,CPM,1
IMP_000844,224cb465889bc934ba4e60ea69b59098,C_999,top,,1
IMP_000845,0af9bc09e1122177455faae2a78ba337,C_50,interstitial,CPI,1
IMP_000846,bf5c5b665b6021881590cb92aef6d95b,C_158,interstitial,CPC,1
IMP_000847,1964e2f07781665cca13b364c2ed34e8,C_152,bottom,CPI,1
IMP_000848,62ecae39dbcbb9c84e2ff3435713db76,C_177,interstitial,CPM,1
IMP_000849,4c7b209bdeed9b532872dd5cb420c8ee,C_3,interstitial,CPC,1
IMP_000850,e06e1ca37feb417f473b2278a9bcdc81,C_80,bottom,CPC,1
IMP_000851,84e6f49529143ee81bee78d0b2799306,,bottom,,1
IMP_000852,0bc147e6bd43b229c3b320738628309a,C_55,top,CPC,1
IMP_000853,7d856fbd85245627fd64b68ae98821f5,C_13,top,CPI,1
IMP_000854,5923546286ca8c0acb5c683ee8ab9156,C_999,bottom,,1
IMP_000855,5ddbb4f1d1dbd72a3a9083baf8b31342,C_114,top,CPC,1
IMP_000856,ae33078fbe5e5dc6eb3a6e75ae6b5a7b,C_78,interstitial,CPM,1
IMP_000857,7448e5a71c503433de5556f5fc554b53,C_30,interstitial,CPC,1
IMP_000858,ace9fc2c81b0295d5fb3e0574efa8ce2,C_75,bottom,CPM,1
IMP_000859,739eb05b59e7f160152ee5d35cbce4cf,C_64,top,CPC,1
IMP_000860,b1d8306939ee634f8fd4ec34d61032c0,C_87,interstitial,CPM,1
IMP_000861,b5a38420b155cf6190f82b2a509d475e,C_90,interstitial,CPI,1
IMP_000862,5c29e4ea09ecc3baae9541436aaed2c2,C_98,top,CPI,1
IMP_000863,ecc0e42392318b7a33462dc57bb1cc7d,C_89,bottom,CPM,1
IMP_000864,e616ec859c2867482a35f093eb31723c,C_189,top,CPI,1
IMP_000865,8f915cfe1e529bd6c23d39db82eccb0b,C_102,bottom,CPM,1
IMP_000866,669f81f3abd1eb3aa0eeee9088f51863,C_55,bottom,CPC,1
IMP_000867,116723e27ade03bedee3a0fbf947a4d7,C_176,interstitial,CPM,1
IMP_000868,d32b402628b4aad5d80fc258c144e71a,C_91,top,CPI,1
IMP_000869,1c668369deafbccae1304c65a610381e,C_98,interstitial,CPI,1
IMP_000870,81413a0fe68e6379f25e5c00e6948b5a,C_187,bottom,CPI,1
IMP_000871,ec77f1b9682b3a383644322dee49677b,C_18,top,CPI,1
IMP_000872,b204a9d3d2ab112d4b9920966d1b8420,C_30,top,CPC,1
IMP_000873,48c7352ce3c55be21f2d9f1d5c0d37c5,C_148,top,CPC,1
IMP_000874,94e865e0340cc66bcfb9d44f80ba642c,C_182,top,CPC,1
IMP_000875,6e7d56b8ab8c58e7f1e43a769330316a,C_15,top,CPM,1
IMP_000876,72d2a8378d30ec91701dc2ffbb50e758,C_117,interstitial,CPI,1
IMP_000877,dc6d090e7649467e61f726133adf5e36,C_178,interstitial,CPC,1
IMP_000878,514de142f77a5dc651f25d0b63de131c,C_13,bottom,CPI,1
IMP_000879,fe9299f63694cb571cc05523c13fdb67,C_183,bottom,CPM,1
IMP_000880,6322dfd42d51e90a103eaaefe06ab41e,C_140,top,CPM,1
IMP_000881,d5663c4bf339112afc657d18bd31c929,C_115,interstitial,CPM,1
IMP_000882,fcea6bd5c389943a3382c18b7de601a6,C_94,top,CPI,1
IMP_000883,0e31c2193aba099fd6035b17204ca6e1,C_188,interstitial,CPC,1
IMP_000884,2844aec93d6eb9b853f179b905fc662c,C_110,top,CPM,1
IMP_000885,c56fd85657be9f360fb891f8ab3034a0,C_7,top,CPC,1
IMP_000886,ff8133af3ef1ee1420a23dc1d0a475a8,C_97,bottom,CPC,1
IMP_000887,44b8bcbead4e9b5d925a952993d21266,C_92,top,CPI,1
IMP_000888,c17b8e693967cc8bb26b376761c62d34,C_72,bottom,CPM,1
IMP_000889,0abe2e7eeffc80c5e5fe0044fcbc6d2a,C_159,interstitial,CPM,1
IMP_000890,8a83cd9b9b041575760970299462fa10,C_155,bottom,CPI,1
IMP_000891,aab9ea4b840cb025a3542452580d9c82,C_178,interstitial,CPC,1
IMP_000892,681a7ff1b92d1068d32156334f54326e,C_165,bottom,CPM,1
IMP_000893,c894d091dd3495b0e3d9fe6bfa2a392c,C_132,top,CPI,1
IMP_000894,9251049864f33ccfe3d9b171cdab92be,C_46,top,CPM,1
IMP_000895,8a02bd4af9c2b3c1ab180d09e64cc625,C_34,top,CPM,1
IMP_000896,6927e67a65f4a83d6feaefc10765e764,C_192,bottom,CPC,1
IMP_000897,034ee4e004734dee4317e1e203e7957c,C_123,bottom,CPC,1
IMP_000898,847ab38b4acc989f93de3bd429bda546,C_152,top,CPI,1
IMP_000899,aae55ba75599d76826efd07218ec8817,C_125,interstitial,CPI,1
IMP_000900,bf03bfe4bbb85cfed4f06d2fd54cc383,C_156,top,CPC,1
IMP_000901,7782aa1d70d614975c70814ec2b8d3a8,C_107,bottom,CPC,1
IMP_000902,decba77c129be397a224d1c908fd1bf9,C_153,interstitial,CPI,1
IMP_000903,c80b64cb50376c45c467bd13d9476ad1,C_102,top,CPM,1
IMP_000904,602d703df2de955200a845ca0eab98e0,C_139,top,CPM,1
IMP_000905,882809cf7d9d08c0d9c8f9b9b39135b0,,bottom,,1
IMP_000906,92a3029adfb99f0af9340ec41120e4f8,C_134,bottom,CPC,1
IMP_000907,bac5a8a35984bbb44c8667d4ea05deac,C_999,interstitial,,1
IMP_000908,110d251f90b1c5a35492ac377c917efd,C_146,top,CPI,1
IMP_000909,9bf1d19cffe59da2c789992b7c91911d,C_9,interstitial,CPI,1
IMP_000910,595c284648f2327653d8908eae64acd9,C_88,interstitial,CPM,1
IMP_000911,e071da8f517343dbe2b552a2994197ca,C_136,top,CPM,1
IMP_000912,3b2d9ec30d10bc1cab966cf52c9e0ad9,C_166,interstitial,CPM,1
IMP_000913,10ea3fbfd617f8c9a6ecd581c2a9b775,C_73,bottom,CPI,1
IMP_000914,e18ac53d25fbd8b09e14d4552a198d5d,C_95,interstitial,CPC,1
IMP_000915,21413a93f66a82cf994f6f242678a8c5,C_147,interstitial,CPI,1
IMP_000916,8e287abe94d9c5459ed90379ee678b50,C_159,top,CPM,1
IMP_000917,3f68a1a89a6432903826e096dcf2b91e,C_9,top,CPI,1
IMP_000918,90a91d023e750a54ae00d2b26258cbeb,C_167,top,CPI,1
IMP_000919,cbf9bfe75c06541b74fcf8b806fe0cad,C_160,bottom,CPM,1
IMP_000920,182d75fe3997afc22fce89c3decd065f,C_31,interstitial,CPI,1
IMP_000921,7281cf434ac7701563bed8388e052d4a,C_77,top,CPM,1
IMP_000922,ce16cb40be772d76dd9b15c4b945dc48,C_140,bottom,CPM,1
IMP_000923,c1b9937cf27dac648d3de624050ea64d,C_3,top,CPC,1
IMP_000924,b936965e39e10e9bba1cf50d8ee7e2f9,C_141,top,CPC,1
IMP_000925,73ed2e5015159c1e3e3d1ef22ff8236a,C_93,top,CPI,1
IMP_000926,f9bdeb31023dbff5305bb28667f8b821,C_179,top,CPI,1
IMP_000927,ffcc679008f584bfbc30267d305b4744,C_126,interstitial,CPI,1
IMP_000928,26864a1b155f81da379c88d21540d236,C_177,interstitial,CPM,1
IMP_000929,53b7c2bb30cbe4ee3245a31105be3ab4,C_42,top,CPC,1
IMP_000930,4de8f73c19f45d4df4c954eb695d49e8,C_195,bottom,CPI,1
IMP_000931,6c3dfce266f53c1dde83487f9dbd4578,C_87,top,CPM,1
IMP_000932,89737f051b1b68624b9ab47b29f78fe0,C_137,interstitial,CPC,1
IMP_000933,ba22585552b75ba172dac533e6074e97,C_133,top,CPI,1
IMP_000934,0f6128291c75aff5a6b2366a9102fb59,C_26,top,CPM,1
IMP_000935,1de06ce70083169e59985fd297d0d7c0,C_146,bottom,CPI,1
IMP_000936,ca628b3ddf05ef559e76a49fca657f38,C_28,top,CPM,1
IMP_000937,6ae98938ae4fc5b3e018b7d10fb2cb3d,C_153,top,CPI,1
IMP_000938,4b57600af39b524c84d7528452b637b2,C_128,top,CPC,1
IMP_000939,0101342185cb379c13494dbf24d6a711,C_155,top,CPI,1
IMP_000940,6be6c4376a7fa09307a68eec795edd2c,C_145,bottom,CPI,1
IMP_000941,f5efab3ac63c16939517b382aecf9b43,C_86,bottom,CPC,1
IMP_000942,60545c301f552d8debb4cf606ea47a2d,C_155,interstitial,CPI,1
IMP_000943,0e3833a17fd0a425775a11468148c71c,C_110,interstitial,CPM,1
IMP_000944,47bbc3a7a007b2ff179a836a7b4ccaa4,C_191,interstitial,CPM,1
IMP_000945,1405b32c09448d77a412fffb4fb4552f,C_129,top,CPC,1
IMP_000946,6d6d3bc8f79d93178a34743466686eb0,C_35,bottom,CPC,1
IMP_000947,0a759ae0029c3cf815456177411867a4,C_92,interstitial,CPI,1
IMP_000948,5d344c374cd0dd1f32efe7b34e5becd6,C_38,interstitial,CPI,1
IMP_000949,4e560dce1beb3826bd4d13cf0d40cfeb,C_64,interstitial,CPC,1
IMP_000950,43c7376d6a3156259f37c59bc70c0bcd,C_100,bottom,CPI,1
IMP_000951,9230264df6a8e707ab624a112db51170,C_20,interstitial,CPC,1
IMP_000952,4636002c2507ab13544b1c1b5d9e2bb4,C_36,top,CPC,1
IMP_000953,a6640342ccb6e140c1ceea747ee1f2df,C_18,interstitial,CPI,1
IMP_000954,d825156b8aee9492b586132691aafa4f,C_177,interstitial,CPM,1
IMP_000955,1d9fae6efdccd71a6ca592837c66f5e8,C_152,interstitial,CPI,1
IMP_000956,dad2738ce76fbab481236f83a0e89fca,C_197,bottom,CPC,1
IMP_000957,5a73785049bcd4b85a8d7e85612d39fc,C_28,top,CPM,1
IMP_000958,eb59a0108ada46b181627addff213ae7,C_153,bottom,CPI,1
IMP_000959,2304e69de31ee3913e78d08fc72789ae,C_21,bottom,CPM,1
IMP_000960,52fc3b0f99bbfaa5afda67bed0949700,C_192,bottom,CPC,1
IMP_000961,863e96e1b800444c39a2f38194ec75af,C_77,top,CPM,1
IMP_000962,e3800f2496292f01a21e6273242b1dfb,C_177,interstitial,CPM,1
IMP_000963,460600337808a18d738dd8d6441ff29d,C_174,bottom,CPM,1
IMP_000964,dd3d98777a7ab76a8859240994963ab8,C_76,interstitial,CPC,1
IMP_000965,f52b4bfda41d09d1dfe50d9ab4c011cb,C_94,interstitial,CPI,1
IMP_000966,0c4b38f00c9b5a0e3a5bf9f9c7a2cd1e,C_57,interstitial,CPI,1
IMP_000967,3f30e05ce0e51e4439e041922965d78a,C_135,bottom,CPI,1
IMP_000968,7ff5b2e2941fd000a33d48b926f52aff,C_150,top,CPM,1
IMP_000969,ca9921d0ba0bf4b0f65a79d6741692a5,C_120,interstitial,CPC,1
IMP_000970,ae2594045c7e2d1f3b111e6dc8734de7,C_10,bottom,CPM,1
IMP_000971,ba5fe0249f0da496f1004c4461ba0736,C_11,top,CPM,1
IMP_000972,ee61a6305e275738f1698e3cc29e3f1f,C_181,interstitial,CPC,1
IMP_000973,6a42ad11878725824ab350a0696976b2,C_81,top,CPM,1
IMP_000974,ccc960d57d9acf20e2efd9429b4d5d73,C_74,interstitial,CPM,1
IMP_000975,c20e4053ca7eb8dba132a7efd68dd5c4,C_25,top,CPC,1
IMP_000976,357fa9d127bad6f3817b8be6b4c6a802,C_191,top,CPM,1
IMP_000977,a0c084c7c8dabc66f23461fc47b351b0,C_198,interstitial,CPI,1
IMP_000978,f935a8e9150f663bfbad5886c4c39ecd,C_1,top,CPC,1
IMP_000979,09cc26ed1067e8b002e4d7e6c7ae96e0,C_82,bottom,CPC,1
IMP_000980,a75bdfd54d9fd24df23fa5ac261617ee,C_179,top,CPI,1
IMP_000981,3d3e2e744c247686cf249aee45ce51a5,C_185,top,CPI,1
IMP_000982,f13d22a0d68de9f695fa09ea3b819a3e,C_93,top,CPI,1
IMP_000983,fb7552ae44664b506364b8afaaeb5a4c,C_83,bottom,CPM,1
IMP_000984,85094ca355b6006e324bb723fd660aff,C_35,interstitial,CPC,1
IMP_000985,2738bdfa4e2de3fc805547c2f4c6da5f,C_106,interstitial,CPM,1
IMP_000986,94fb92422e1b9cb8683e73dae32ba227,C_166,top,CPM,1
IMP_000987,9f7dae6387e0990e777dc465dff47097,C_13,interstitial,CPI,1
IMP_000988,456ab4369fef60c6b39f4403ca499eff,C_176,bottom,CPM,1
IMP_000989,52aa8d416360e2bcf746468b4b0ce7b0,C_10,interstitial,CPM,1
IMP_000990,120df005ef63a7c8fe9f3c2b89c2ebfc,C_72,interstitial,CPM,1
IMP_000991,98b9c6b27ca7521843303882d8cd8ea5,C_120,top,CPC,1
IMP_000992,b05a3dbb4f2187a6bd0b8df9daebb3ba,C_39,top,CPM,1
IMP_000993,485bc144a821ab94c2bda7a5f4ddcb07,C_23,bottom,CPM,1
IMP_000994,62787a4d3d7078e45f77b591ee27550a,C_145,top,CPI,1
IMP_000995,321c0cc3214c747363f8435fc56bd089,C_45,bottom,CPI,1
IMP_000996,8541316e13ea001bd8df3ea9a6508cc3,C_37,interstitial,CPM,1
IMP_000997,759c0171387f9cf54a0e0923b8788b5b,C_24,top,CPI,1
IMP_000998,b35c7a82d56f6bbb5a56f9b675ecb268,C_64,top,CPC,1
IMP_000999,6fead8eb9a737c9f50743ffcd3e3a643,C_92,top,CPI,1
IMP_001000,8c8f143d1b9a52b37ec06c0f72593968,C_105,top,CPC,1
IMP_001001,449878aca87b945133fee27429336bf3,C_103,top,CPI,1
IMP_001002,2c03871ea9fe7690ea52f97cf8643e38,C_5,interstitial,CPC,1
IMP_001003,651b5936248a4987e46120748f2105e2,C_154,bottom,CPC,1
IMP_001004,eb6d64a79e9886e2150480e20cc288fe,C_104,top,CPM,1
IMP_001005,b42173195e8218e277913aa8f319600d,C_9,bottom,CPI,1